root,classical_definition,source,example_noun_arabic
ك-ت-ب,"schreiben, aufzeichnen, vorschreiben; auch zusammenfügen (daher كِتَاب (kitāb) „Buch“, wörtlich ein Zusammengebundenes)","Eigene Zusammenfassung nach klassischer arabischer Lexikographie (Lisān al-ʿArab, Lane's Lexicon) - keine wörtliche Übernahme aus hawramani.com",
ق-ر-أ,"lesen, vorlesen, rezitieren, (Verse) zusammenstellen - daher قُرْآن (qurʾān) „Rezitation, Lesung“","Eigene Zusammenfassung nach klassischer arabischer Lexikographie (Lisān al-ʿArab, Lane's Lexicon) - keine wörtliche Übernahme aus hawramani.com",
ق-و-ل,"sagen, sprechen, eine Aussage machen - قَوْل (qawl) „Wort, Aussage“","Eigene Zusammenfassung nach klassischer arabischer Lexikographie (Lisān al-ʿArab, Lane's Lexicon) - keine wörtliche Übernahme aus hawramani.com",
ذ-ه-ب,"weggehen, fortgehen, sich entfernen; eigenständig auch ذَهَب (dhahab) „Gold“ (dieselbe Wurzel, andere Bedeutungsrichtung)","Eigene Zusammenfassung nach klassischer arabischer Lexikographie (Lisān al-ʿArab, Lane's Lexicon) - keine wörtliche Übernahme aus hawramani.com",
ج-ي-أ,"kommen, ankommen, herbeikommen","Eigene Zusammenfassung nach klassischer arabischer Lexikographie (Lisān al-ʿArab, Lane's Lexicon) - keine wörtliche Übernahme aus hawramani.com",
ع-ل-م,"wissen, kennen, Kenntnis haben - عِلْم (ʿilm) „Wissen“, عَلَم (ʿalam) „Kennzeichen, Fahne“","Eigene Zusammenfassung nach klassischer arabischer Lexikographie (Lisān al-ʿArab, Lane's Lexicon) - keine wörtliche Übernahme aus hawramani.com",
ف-ع-ل,"tun, machen, handeln - فِعْل (fiʿl) „Tat, Verb“","Eigene Zusammenfassung nach klassischer arabischer Lexikographie (Lisān al-ʿArab, Lane's Lexicon) - keine wörtliche Übernahme aus hawramani.com",
ر-أ-ي,"sehen, erblicken, eine Ansicht haben - رَأْي (raʾy) „Meinung, Ansicht“","Eigene Zusammenfassung nach klassischer arabischer Lexikographie (Lisān al-ʿArab, Lane's Lexicon) - keine wörtliche Übernahme aus hawramani.com",
س-م-ع,"hören, vernehmen, zuhören - سَمْع (samʿ) „Gehör“","Eigene Zusammenfassung nach klassischer arabischer Lexikographie (Lisān al-ʿArab, Lane's Lexicon) - keine wörtliche Übernahme aus hawramani.com",
أ-ك-ل,"essen, verzehren - أَكْل (akl) „Speise, das Essen“","Eigene Zusammenfassung nach klassischer arabischer Lexikographie (Lisān al-ʿArab, Lane's Lexicon) - keine wörtliche Übernahme aus hawramani.com",
ش-ر-ب,trinken - شَرَاب (sharāb) „Getränk“,"Eigene Zusammenfassung nach klassischer arabischer Lexikographie (Lisān al-ʿArab, Lane's Lexicon) - keine wörtliche Übernahme aus hawramani.com",
خ-ل-ق,"erschaffen, hervorbringen, formen - خَلْق (khalq) „Schöpfung“; خُلُق (khuluq) „Charakter, Wesensart“","Eigene Zusammenfassung nach klassischer arabischer Lexikographie (Lisān al-ʿArab, Lane's Lexicon) - keine wörtliche Übernahme aus hawramani.com",
ع-ب-د,"dienen, anbeten, verehren - عَبْد (ʿabd) „Diener, Knecht/Sklave“","Eigene Zusammenfassung nach klassischer arabischer Lexikographie (Lisān al-ʿArab, Lane's Lexicon) - keine wörtliche Übernahme aus hawramani.com",
أ-م-ن,"sicher/geborgen sein, vertrauen, glauben - أَمْن (amn) „Sicherheit“, إِيمَان (īmān) „Glaube“","Eigene Zusammenfassung nach klassischer arabischer Lexikographie (Lisān al-ʿArab, Lane's Lexicon) - keine wörtliche Übernahme aus hawramani.com",
ك-ف-ر,"bedecken, verdecken; verleugnen, undankbar/ungläubig sein - كُفْر (kufr) „Unglaube“","Eigene Zusammenfassung nach klassischer arabischer Lexikographie (Lisān al-ʿArab, Lane's Lexicon) - keine wörtliche Übernahme aus hawramani.com",
ر-ح-م,"sich erbarmen, gnädig sein - رَحْمَة (raḥma) „Barmherzigkeit“; رِحْم (riḥm) „Mutterleib, Verwandtschaft“","Eigene Zusammenfassung nach klassischer arabischer Lexikographie (Lisān al-ʿArab, Lane's Lexicon) - keine wörtliche Übernahme aus hawramani.com",
غ-ف-ر,"bedecken, verhüllen; daher vergeben - غُفْرَان (ghufrān) „Vergebung“","Eigene Zusammenfassung nach klassischer arabischer Lexikographie (Lisān al-ʿArab, Lane's Lexicon) - keine wörtliche Übernahme aus hawramani.com",
ه-د-ي,"leiten, führen, rechtleiten - هُدًى (hudā) „Rechtleitung“; هَدِيَّة (hadiyya) „Geschenk“","Eigene Zusammenfassung nach klassischer arabischer Lexikographie (Lisān al-ʿArab, Lane's Lexicon) - keine wörtliche Übernahme aus hawramani.com",
ض-ل-ل,"abirren, sich verirren, in die Irre gehen - ضَلَال (ḍalāl) „Irrtum, Verirrung“","Eigene Zusammenfassung nach klassischer arabischer Lexikographie (Lisān al-ʿArab, Lane's Lexicon) - keine wörtliche Übernahme aus hawramani.com",
ن-ز-ل,"herabsteigen, absteigen, als Gast einkehren - مَنْزِل (manzil) „Wohnstätte, Rastplatz“","Eigene Zusammenfassung nach klassischer arabischer Lexikographie (Lisān al-ʿArab, Lane's Lexicon) - keine wörtliche Übernahme aus hawramani.com",
ص-ع-د,"aufsteigen, emporsteigen - صُعُود (ṣuʿūd) „Aufstieg“","Eigene Zusammenfassung nach klassischer arabischer Lexikographie (Lisān al-ʿArab, Lane's Lexicon) - keine wörtliche Übernahme aus hawramani.com",
د-خ-ل,"eintreten, hineingehen - دُخُول (dukhūl) „Eintritt“; دَخْل (dakhl) „Einkommen“","Eigene Zusammenfassung nach klassischer arabischer Lexikographie (Lisān al-ʿArab, Lane's Lexicon) - keine wörtliche Übernahme aus hawramani.com",
خ-ر-ج,"hinausgehen, herauskommen - خُرُوج (khurūj) „Auszug“; خَرَاج (kharāj) „Ertrag, Abgabe“","Eigene Zusammenfassung nach klassischer arabischer Lexikographie (Lisān al-ʿArab, Lane's Lexicon) - keine wörtliche Übernahme aus hawramani.com",
ج-ل-س,"sitzen, sich setzen - مَجْلِس (majlis) „Sitzung, Rat, Versammlungsort“","Eigene Zusammenfassung nach klassischer arabischer Lexikographie (Lisān al-ʿArab, Lane's Lexicon) - keine wörtliche Übernahme aus hawramani.com",
ق-و-م,"aufstehen, sich erheben, geradestehen - قَوْم (qawm) „Volk, Stamm“; قِيَام (qiyām) „das Stehen“","Eigene Zusammenfassung nach klassischer arabischer Lexikographie (Lisān al-ʿArab, Lane's Lexicon) - keine wörtliche Übernahme aus hawramani.com",
م-ش-ي,"gehen, schreiten, laufen - مَشْي (mashy) „das Gehen“","Eigene Zusammenfassung nach klassischer arabischer Lexikographie (Lisān al-ʿArab, Lane's Lexicon) - keine wörtliche Übernahme aus hawramani.com",
و-ج-د,"finden, vorfinden, antreffen - وُجُود (wujūd) „Sein, Existenz“; وَجْد (wajd) „Ekstase, Empfindung“","Eigene Zusammenfassung nach klassischer arabischer Lexikographie (Lisān al-ʿArab, Lane's Lexicon) - keine wörtliche Übernahme aus hawramani.com",
ط-ل-ب,"suchen, verlangen, fordern - طَلَب (ṭalab) „Verlangen, Bitte“; طَالِب (ṭālib) „Suchender, Student“","Eigene Zusammenfassung nach klassischer arabischer Lexikographie (Lisān al-ʿArab, Lane's Lexicon) - keine wörtliche Übernahme aus hawramani.com",
س-أ-ل,"fragen, bitten, verlangen - سُؤَال (suʾāl) „Frage“","Eigene Zusammenfassung nach klassischer arabischer Lexikographie (Lisān al-ʿArab, Lane's Lexicon) - keine wörtliche Übernahme aus hawramani.com",
ج-و-ب,"antworten, erwidern; auch durchqueren/durchziehen - جَوَاب (jawāb) „Antwort“","Eigene Zusammenfassung nach klassischer arabischer Lexikographie (Lisān al-ʿArab, Lane's Lexicon) - keine wörtliche Übernahme aus hawramani.com",
ف-ه-م,"verstehen, begreifen - فَهْم (fahm) „Verständnis“","Eigene Zusammenfassung nach klassischer arabischer Lexikographie (Lisān al-ʿArab, Lane's Lexicon) - keine wörtliche Übernahme aus hawramani.com",
ظ-ن-ن,"meinen, vermuten, argwöhnen - ظَنّ (ẓann) „Vermutung, Meinung“","Eigene Zusammenfassung nach klassischer arabischer Lexikographie (Lisān al-ʿArab, Lane's Lexicon) - keine wörtliche Übernahme aus hawramani.com",
ح-س-ب,"rechnen, zählen; meinen, halten für - حِسَاب (ḥisāb) „Rechnung, Abrechnung“","Eigene Zusammenfassung nach klassischer arabischer Lexikographie (Lisān al-ʿArab, Lane's Lexicon) - keine wörtliche Übernahme aus hawramani.com",
ر-و-د,"wollen, beabsichtigen, umwerben; hin- und herstreifen - إِرَادَة (irāda) „Wille, Absicht“","Eigene Zusammenfassung nach klassischer arabischer Lexikographie (Lisān al-ʿArab, Lane's Lexicon) - keine wörtliche Übernahme aus hawramani.com",
ط-و-ع,"gehorchen, sich fügen; fähig/imstande sein - طَاعَة (ṭāʿa) „Gehorsam“; طَاقَة (ṭāqa) „Kraft, Vermögen“","Eigene Zusammenfassung nach klassischer arabischer Lexikographie (Lisān al-ʿArab, Lane's Lexicon) - keine wörtliche Übernahme aus hawramani.com",
ح-ب-ب,"lieben, liebhaben - حُبّ (ḥubb) „Liebe“; حَبَّة (ḥabba) „Korn, Samenkorn“ (eigenständige Nebenbedeutung derselben Wurzel)","Eigene Zusammenfassung nach klassischer arabischer Lexikographie (Lisān al-ʿArab, Lane's Lexicon) - keine wörtliche Übernahme aus hawramani.com",
ك-ر-ه,"hassen, verabscheuen, widerwillig sein - كَرَاهِيَة (karāhiya) „Abneigung“","Eigene Zusammenfassung nach klassischer arabischer Lexikographie (Lisān al-ʿArab, Lane's Lexicon) - keine wörtliche Übernahme aus hawramani.com",
خ-و-ف,"sich fürchten, Angst haben - خَوْف (khawf) „Furcht“","Eigene Zusammenfassung nach klassischer arabischer Lexikographie (Lisān al-ʿArab, Lane's Lexicon) - keine wörtliche Übernahme aus hawramani.com",
ص-ب-ر,"geduldig sein, standhaft ausharren - صَبْر (ṣabr) „Geduld, Standhaftigkeit“","Eigene Zusammenfassung nach klassischer arabischer Lexikographie (Lisān al-ʿArab, Lane's Lexicon) - keine wörtliche Übernahme aus hawramani.com",
ش-ك-ر,"danken, dankbar sein - شُكْر (shukr) „Dank, Dankbarkeit“","Eigene Zusammenfassung nach klassischer arabischer Lexikographie (Lisān al-ʿArab, Lane's Lexicon) - keine wörtliche Übernahme aus hawramani.com",
ع-م-ل,"arbeiten, handeln, tun - عَمَل (ʿamal) „Werk, Tat, Handlung“","Eigene Zusammenfassung nach klassischer arabischer Lexikographie (Lisān al-ʿArab, Lane's Lexicon) - keine wörtliche Übernahme aus hawramani.com",
ب-ن-ي,"bauen, errichten, konstruieren - بِنَاء (binā') „Bau, Gebäude, Konstruktion“","Eigene Zusammenfassung nach klassischer arabischer Lexikographie (Lisān al-ʿArab, Lane's Lexicon) - keine wörtliche Übernahme aus hawramani.com",
ه-ل-ك,"untergehen, zugrunde gehen, umkommen - هَلَاك (halāk) „Untergang, Verderben“","Eigene Zusammenfassung nach klassischer arabischer Lexikographie (Lisān al-ʿArab, Lane's Lexicon) - keine wörtliche Übernahme aus hawramani.com",
ع-ي-ش,"leben, sein Leben führen - عَيْش (ʿaysh) „Leben, Lebensunterhalt“","Eigene Zusammenfassung nach klassischer arabischer Lexikographie (Lisān al-ʿArab, Lane's Lexicon) - keine wörtliche Übernahme aus hawramani.com",
م-و-ت,sterben - مَوْت (mawt) „Tod“,"Eigene Zusammenfassung nach klassischer arabischer Lexikographie (Lisān al-ʿArab, Lane's Lexicon) - keine wörtliche Übernahme aus hawramani.com",
و-ل-د,"gebären, zeugen, hervorbringen - وَلَد (walad) „Kind“; وَالِد (wālid) „Erzeuger, Vater“","Eigene Zusammenfassung nach klassischer arabischer Lexikographie (Lisān al-ʿArab, Lane's Lexicon) - keine wörtliche Übernahme aus hawramani.com",
ن-ص-ر,"helfen, beistehen, zum Sieg verhelfen - نَصْر (naṣr) „Hilfe, Sieg“","Eigene Zusammenfassung nach klassischer arabischer Lexikographie (Lisān al-ʿArab, Lane's Lexicon) - keine wörtliche Übernahme aus hawramani.com",
ح-ك-م,"urteilen, richten, herrschen - حُكْم (ḥukm) „Urteil, Herrschaft“; حِكْمَة (ḥikma) „Weisheit“","Eigene Zusammenfassung nach klassischer arabischer Lexikographie (Lisān al-ʿArab, Lane's Lexicon) - keine wörtliche Übernahme aus hawramani.com",
ع-د-ل,"gerecht sein, ausgleichen, geradebiegen; als Nebenbedeutung auch abweichen - عَدْل (ʿadl) „Gerechtigkeit“","Eigene Zusammenfassung nach klassischer arabischer Lexikographie (Lisān al-ʿArab, Lane's Lexicon) - keine wörtliche Übernahme aus hawramani.com",
ذ-ك-ر,"erinnern, erwähnen, gedenken; auch Ruf/Ansehen - ذِكْر (ḏikr) „Erwähnung, Gottgedenken“","Eigene Zusammenfassung nach klassischer arabischer Lexikographie (Lisān al-ʿArab, Lane's Lexicon) - keine wörtliche Übernahme aus hawramani.com",
ن-ظ-ر,"schauen, betrachten; auch nachdenken/erwägen und warten - نَظَر (naẓar) „Blick, Betrachtung“","Eigene Zusammenfassung nach klassischer arabischer Lexikographie (Lisān al-ʿArab, Lane's Lexicon) - keine wörtliche Übernahme aus hawramani.com",
ف-ت-ح,"öffnen, aufschließen; auch erobern und (durch Gott) beistehen - فَتْح (fatḥ) „Öffnung, Eroberung“","Eigene Zusammenfassung nach klassischer arabischer Lexikographie (Lisān al-ʿArab, Lane's Lexicon) - keine wörtliche Übernahme aus hawramani.com",
غ-ل-ق,"schließen, verriegeln - غَلْق (ghalq) „das Verschließen“","Eigene Zusammenfassung nach klassischer arabischer Lexikographie (Lisān al-ʿArab, Lane's Lexicon) - keine wörtliche Übernahme aus hawramani.com",
ك-س-ر,"brechen, zerbrechen; auch (im Kampf) schlagen/besiegen - كَسْر (kasr) „Bruch“","Eigene Zusammenfassung nach klassischer arabischer Lexikographie (Lisān al-ʿArab, Lane's Lexicon) - keine wörtliche Übernahme aus hawramani.com",
ح-م-ل,"tragen, befördern; auch schwanger sein und (eine Bürde) auf sich nehmen - حَمْل (ḥaml) „das Tragen, Bürde“","Eigene Zusammenfassung nach klassischer arabischer Lexikographie (Lisān al-ʿArab, Lane's Lexicon) - keine wörtliche Übernahme aus hawramani.com",
ر-م-ي,"werfen, schleudern; auch (mit dem Bogen) schießen - رَمْي (ramy) „das Werfen“","Eigene Zusammenfassung nach klassischer arabischer Lexikographie (Lisān al-ʿArab, Lane's Lexicon) - keine wörtliche Übernahme aus hawramani.com",
أ-خ-ذ,"nehmen, ergreifen, in Besitz nehmen; Gegenteil von geben - أَخْذ (akhdh) „das Nehmen“","Eigene Zusammenfassung nach klassischer arabischer Lexikographie (Lisān al-ʿArab, Lane's Lexicon) - keine wörtliche Übernahme aus hawramani.com",
ع-ط-و,"geben, schenken, darreichen - عَطَاء (ʿaṭāʾ) „Gabe, Geschenk“","Eigene Zusammenfassung nach klassischer arabischer Lexikographie (Lisān al-ʿArab, Lane's Lexicon) - keine wörtliche Übernahme aus hawramani.com",
ب-ي-ع,"verkaufen (klassisch als Gegensatzwort/aḍdād auch: kaufen) - بَيْع (bayʿ) „Verkauf, Handel“","Eigene Zusammenfassung nach klassischer arabischer Lexikographie (Lisān al-ʿArab, Lane's Lexicon) - keine wörtliche Übernahme aus hawramani.com",
ش-ر-ي,kaufen (klassisch als Gegensatzwort/aḍdād auch: verkaufen) - شِرَاء (shirāʾ) „Kauf“,"Eigene Zusammenfassung nach klassischer arabischer Lexikographie (Lisān al-ʿArab, Lane's Lexicon) - keine wörtliche Übernahme aus hawramani.com",
ض-ر-ب,"schlagen, treffen; auch reisen/ziehen und (Münzen) prägen - ضَرْب (ḍarb) „Schlag“","Eigene Zusammenfassung nach klassischer arabischer Lexikographie (Lisān al-ʿArab, Lane's Lexicon) - keine wörtliche Übernahme aus hawramani.com",
ق-ت-ل,töten - قَتْل (qatl) „Tötung“,"Eigene Zusammenfassung nach klassischer arabischer Lexikographie (Lisān al-ʿArab, Lane's Lexicon) - keine wörtliche Übernahme aus hawramani.com",
ح-ف-ظ,"bewahren, behüten; auch auswendig lernen - حِفْظ (ḥifẓ) „Bewahrung, Auswendiglernen“","Eigene Zusammenfassung nach klassischer arabischer Lexikographie (Lisān al-ʿArab, Lane's Lexicon) - keine wörtliche Übernahme aus hawramani.com",
ن-س-ي,vergessen; auch (etwas) vernachlässigen - نِسْيَان (nisyān) „das Vergessen“,"Eigene Zusammenfassung nach klassischer arabischer Lexikographie (Lisān al-ʿArab, Lane's Lexicon) - keine wörtliche Übernahme aus hawramani.com",
ك-ت-م,"verbergen, geheim halten - كَتْم (katm) / كِتْمَان (kitmān) „Verheimlichung“","Eigene Zusammenfassung nach klassischer arabischer Lexikographie (Lisān al-ʿArab, Lane's Lexicon) - keine wörtliche Übernahme aus hawramani.com",
ل-ب-س,(Kleidung) anziehen; auch vermischen/verwirren - لِبَاس (libās) „Kleidung“,"Eigene Zusammenfassung nach klassischer arabischer Lexikographie (Lisān al-ʿArab, Lane's Lexicon) - keine wörtliche Übernahme aus hawramani.com",
ن-و-م,schlafen - نَوْم (nawm) „Schlaf“,"Eigene Zusammenfassung nach klassischer arabischer Lexikographie (Lisān al-ʿArab, Lane's Lexicon) - keine wörtliche Übernahme aus hawramani.com",
ي-ق-ظ,"wach sein/werden, aufwachen; auch wachsam/aufmerksam sein - يَقْظَة (yaqẓa) „Wachheit, Wachsamkeit“","Eigene Zusammenfassung nach klassischer arabischer Lexikographie (Lisān al-ʿArab, Lane's Lexicon) - keine wörtliche Übernahme aus hawramani.com",
ض-ح-ك,lachen - ضَحِك (ḍaḥik) „das Lachen“ (Gegensatzwort zu بكى weinen),"Eigene Zusammenfassung nach Lane's Arabic-English Lexicon (lokale Datenbank, assets/LexiconDatabase) - keine wörtliche Übernahme",
ب-ك-ي,weinen - بُكَاء (bukāʾ) „das Weinen“,"Eigene Zusammenfassung nach Lane's Arabic-English Lexicon (lokale Datenbank, assets/LexiconDatabase) - keine wörtliche Übernahme",
ل-ع-ب,"spielen, scherzen (Gegensatzwort zu جدّ ernst sein) - لَعِب (laʿib) „Spiel“","Eigene Zusammenfassung nach Lane's Arabic-English Lexicon (lokale Datenbank, assets/LexiconDatabase) - keine wörtliche Übernahme",
د-ر-س,"(eine Spur) verblassen, vergehen; Form II درّس „unterrichten, lehren“ - دَرْس (dars) „Lektion, Unterricht“","Eigene Zusammenfassung nach Lane's Arabic-English Lexicon (lokale Datenbank, assets/LexiconDatabase) - keine wörtliche Übernahme",
ر-ج-ع,"zurückkehren, umkehren - رُجُوع (rujūʿ) „Rückkehr“","Eigene Zusammenfassung nach Lane's Arabic-English Lexicon (lokale Datenbank, assets/LexiconDatabase) - keine wörtliche Übernahme",
ت-ر-ك,"verlassen, zurücklassen, aufgeben - تَرْك (tark) „das Verlassen“","Eigene Zusammenfassung nach Lane's Arabic-English Lexicon (lokale Datenbank, assets/LexiconDatabase) - keine wörtliche Übernahme",
ب-د-أ,"beginnen, den Vorrang haben, voranstellen - بَدْء (badʾ) „Anfang, Beginn“","Eigene Zusammenfassung nach Lane's Arabic-English Lexicon (lokale Datenbank, assets/LexiconDatabase) - keine wörtliche Übernahme",
ن-ه-ي,"verbieten; Form VIII انتهى „enden, an die Grenze/den äußersten Punkt gelangen“ - نِهَايَة (nihāya) „Ende, Grenze“","Eigene Zusammenfassung nach Lane's Arabic-English Lexicon (lokale Datenbank, assets/LexiconDatabase) - keine wörtliche Übernahme",
ف-و-ز,"Erfolg haben, gewinnen, siegen; auch in Sicherheit gelangen, entkommen - فَوْز (fawz) „Sieg, Erfolg“","Eigene Zusammenfassung nach Lane's Arabic-English Lexicon (lokale Datenbank, assets/LexiconDatabase) - keine wörtliche Übernahme",
خ-س-ر,"verlieren, Verlust erleiden (v.a. im Handel) - خُسْرَان (khusrān) „Verlust“","Eigene Zusammenfassung nach Lane's Arabic-English Lexicon (lokale Datenbank, assets/LexiconDatabase) - keine wörtliche Übernahme",
ل-ق-ي,"treffen, begegnen, vorfinden - لِقَاء (liqāʾ) „Begegnung“","Eigene Zusammenfassung nach Lane's Arabic-English Lexicon (lokale Datenbank, assets/LexiconDatabase) - keine wörtliche Übernahme",
ع-ر-ف,"kennen, erkennen, wissen (durch Erfahrung/Wahrnehmung, feiner als علم allgemeines Wissen) - مَعْرِفَة (maʿrifa) „Kenntnis“","Eigene Zusammenfassung nach Lane's Arabic-English Lexicon (lokale Datenbank, assets/LexiconDatabase) - keine wörtliche Übernahme",
ح-و-ج,"brauchen, nötig haben; Form VIII احتاج „brauchen“ - حَاجَة (ḥāǧa) „Bedürfnis“","Eigene Zusammenfassung nach Lane's Arabic-English Lexicon (lokale Datenbank, assets/LexiconDatabase) - keine wörtliche Übernahme",
م-ل-ك,"besitzen, in Besitz/Verfügung haben; auch Herrschaft/Befehlsgewalt ausüben - مُلْك (mulk) „Besitz, Herrschaft“","Eigene Zusammenfassung nach Lane's Arabic-English Lexicon (lokale Datenbank, assets/LexiconDatabase) - keine wörtliche Übernahme",
غ-ض-ب,"zornig sein, sich ärgern - غَضَب (ghaḍab) „Zorn“","Eigene Zusammenfassung nach Lane's Arabic-English Lexicon (lokale Datenbank, assets/LexiconDatabase) - keine wörtliche Übernahme",
ر-ض-و,"zufrieden sein, gutheißen, Wohlgefallen haben (Gegensatzwort zu سخط zürnen) - رِضَا (riḍā) „Zufriedenheit, Wohlgefallen“","Eigene Zusammenfassung nach Lane's Arabic-English Lexicon (lokale Datenbank, assets/LexiconDatabase) - keine wörtliche Übernahme",
ج-ه-د,"sich anstrengen, seine Kraft/Mühe einsetzen; Form III جاهد „kämpfen, sich abmühen“ - جَهْد/جُهْد (jahd/juhd) „Anstrengung, Mühe“","Eigene Zusammenfassung nach Lane's Arabic-English Lexicon (lokale Datenbank, assets/LexiconDatabase) - keine wörtliche Übernahme",
ص-ن-ع,"machen, herstellen, kunstvoll anfertigen - صُنْع (ṣunʿ) „Herstellung, Werk“","Eigene Zusammenfassung nach Lane's Arabic-English Lexicon (lokale Datenbank, assets/LexiconDatabase) - keine wörtliche Übernahme",
ز-ر-ع,"säen, pflanzen - زَرْع (zarʿ) „Saat, Pflanzung“","Eigene Zusammenfassung nach Lane's Arabic-English Lexicon (lokale Datenbank, assets/LexiconDatabase) - keine wörtliche Übernahme",
ح-ص-د,"(Getreide, Pflanzen) ernten, mähen - حَصَاد (ḥaṣād) „Ernte“","Eigene Zusammenfassung nach Lane's Arabic-English Lexicon (lokale Datenbank, assets/LexiconDatabase) - keine wörtliche Übernahme",
ط-ب-خ,"kochen, garen (durch Sieden, Braten oder Backen) - طَبْخ (ṭabkh) „das Kochen“","Eigene Zusammenfassung nach Lane's Arabic-English Lexicon (lokale Datenbank, assets/LexiconDatabase) - keine wörtliche Übernahme",
غ-س-ل,waschen (mit Wasser) - غَسْل (ghasl) „das Waschen“,"Eigene Zusammenfassung nach Lane's Arabic-English Lexicon (lokale Datenbank, assets/LexiconDatabase) - keine wörtliche Übernahme",
ل-ب-ث,"verweilen, verharren, warten - لُبْث (lubṯ) „Verweilen“","Eigene Zusammenfassung nach Lane's Arabic-English Lexicon (lokale Datenbank, assets/LexiconDatabase) - keine wörtliche Übernahme",
س-ف-ر,"(Grundbedeutung: fegen/aufdecken); Form III سافر „reisen, aufbrechen“ - سَفَر (safar) „Reise“","Eigene Zusammenfassung nach Lane's Arabic-English Lexicon (lokale Datenbank, assets/LexiconDatabase) - keine wörtliche Übernahme",
ر-ج-و,"hoffen, erhoffen - رَجَاء (rajāʾ) „Hoffnung“","Eigene Zusammenfassung nach Lane's Arabic-English Lexicon (lokale Datenbank, assets/LexiconDatabase) - keine wörtliche Übernahme",
ط-ي-ر,fliegen - طَيَرَان (ṭayarān) „das Fliegen“,"Eigene Zusammenfassung nach Lane's Arabic-English Lexicon (lokale Datenbank, assets/LexiconDatabase) - keine wörtliche Übernahme",
س-ب-ح,schwimmen - سِبَاحَة (sibāḥa) „das Schwimmen“,"Eigene Zusammenfassung nach Lane's Arabic-English Lexicon (lokale Datenbank, assets/LexiconDatabase) - keine wörtliche Übernahme",
ج-ر-ي,"laufen, fließen, dahinziehen (von Wasser, Pferden, Schiffen, Gestirnen) - جَرْي (jary) „das Laufen, Fließen“","Eigene Zusammenfassung nach Lane's Arabic-English Lexicon (lokale Datenbank, assets/LexiconDatabase) - keine wörtliche Übernahme",
ح-ر-ق,(Grundbedeutung: feilen/reiben); Form IV أحرق „verbrennen“ - حَرِيق (ḥarīq) „Brand“,"Eigene Zusammenfassung nach Lane's Arabic-English Lexicon (lokale Datenbank, assets/LexiconDatabase) - keine wörtliche Übernahme",
ق-ط-ع,"schneiden, abschneiden, durchtrennen - قَطْع (qaṭʿ) „das Schneiden“","Eigene Zusammenfassung nach klassischer arabischer Lexikographie (Lisān al-ʿArab, Lane's Lexicon) - Grundform in der lokalen Lane's-Datenbank lückenhaft, Bedeutung über die abgeleiteten Formen (قطّع) und allgemein bekannten klassischen Gebrauch abgesichert",
ص-ل-ح,"gut, richtig, tauglich, in Ordnung sein (Gegensatzwort zu فسد verderben) - صَلَاح (ṣalāḥ) „Rechtschaffenheit, guter Zustand“","Eigene Zusammenfassung nach Lane's Arabic-English Lexicon (lokale Datenbank, assets/LexiconDatabase) - keine wörtliche Übernahme",
ر-ج-ل,"Mann (Gegensatzwort zu امرأة Frau); als Verb auch: zu Fuß gehen; auch: das Bein, der Fuß - رَجُل (raǧul) „Mann“; رِجْل (riǧl) „Bein, Fuß“","Eigene Zusammenfassung nach Lane's Arabic-English Lexicon (lokale Datenbank, assets/LexiconDatabase) - keine wörtliche Übernahme",
م-ر-أ,"Frau (اِمْرَأَة, imraʾa); Gegensatzwort zu رجل Mann","Eigene Zusammenfassung nach klassischer arabischer Lexikographie (Lisān al-ʿArab, Lane's Lexicon) - Grundform in der lokalen Lane's-Datenbank lückenhaft (nur Wurzel-Stub ohne Volltext), Bedeutung durch allgemein bekannten klassischen Gebrauch abgesichert (u.a. sehr häufiges Koran-Wort)",
ب-ي-ت,"Haus, Zelt, Wohnstätte; als Verb auch: die Nacht verbringen - بَيْت (bayt) „Haus“","Eigene Zusammenfassung nach Lane's Arabic-English Lexicon (lokale Datenbank, assets/LexiconDatabase) - keine wörtliche Übernahme",
م-و-ه,Wasser (unregelmäßige/„schwache“ Wurzel) - مَاء (māʾ) „Wasser“,"Eigene Zusammenfassung nach klassischer arabischer Lexikographie (Lisān al-ʿArab, Lane's Lexicon) - Grundform in der lokalen Lane's-Datenbank lückenhaft, Bedeutung durch allgemein bekannten klassischen Gebrauch abgesichert (eines der häufigsten Wörter im Koran)",
ي-و-م,"Tag, Zeit(punkt) - يَوْم (yawm) „Tag“","Eigene Zusammenfassung nach Lane's Arabic-English Lexicon (lokale Datenbank, assets/LexiconDatabase) - keine wörtliche Übernahme",
ق-ل-ب,"Herz; als Verb auch: wenden, umdrehen - قَلْب (qalb) „Herz“","Eigene Zusammenfassung nach Lane's Arabic-English Lexicon (lokale Datenbank, assets/LexiconDatabase) - keine wörtliche Übernahme",
ع-ي-ن,Auge; auch: Quelle - عَيْن (ʿayn) „Auge“,"Eigene Zusammenfassung nach Lane's Arabic-English Lexicon (lokale Datenbank, assets/LexiconDatabase) - keine wörtliche Übernahme",
ب-ح-ر,"Meer, großes Gewässer - بَحْر (baḥr) „Meer“","Eigene Zusammenfassung nach Lane's Arabic-English Lexicon (lokale Datenbank, assets/LexiconDatabase) - keine wörtliche Übernahme",
ج-ب-ل,Berg - جَبَل (ǧabal) „Berg“,"Eigene Zusammenfassung nach Lane's Arabic-English Lexicon (lokale Datenbank, assets/LexiconDatabase) - keine wörtliche Übernahme",
ش-م-س,"Sonne (immer mit bestimmtem Artikel, da einzigartig) - شَمْس (šams) „Sonne“","Eigene Zusammenfassung nach Lane's Arabic-English Lexicon (lokale Datenbank, assets/LexiconDatabase) - keine wörtliche Übernahme",
ق-م-ر,Mond - قَمَر (qamar) „Mond“,"Eigene Zusammenfassung nach Lane's Arabic-English Lexicon (lokale Datenbank, assets/LexiconDatabase) - keine wörtliche Übernahme",
ل-ي-ل,Nacht (Gegensatzwort zu نهار Tag) - لَيْل (layl) „Nacht“,"Eigene Zusammenfassung nach Lane's Arabic-English Lexicon (lokale Datenbank, assets/LexiconDatabase) - keine wörtliche Übernahme",
ن-ه-ر,Tag(eszeit) (Gegensatzwort zu ليل Nacht); dieselbe Wurzel wie نهر „Fluss“ - نَهَار (nahār) „Tag“,"Eigene Zusammenfassung nach Lane's Arabic-English Lexicon (lokale Datenbank, assets/LexiconDatabase) - keine wörtliche Übernahme",
م-د-ن,"Stadt; wörtlich etwa „das, was in Besitz/unter Autorität steht“ - مَدِينَة (madīna) „Stadt“","Eigene Zusammenfassung nach Lane's Arabic-English Lexicon (lokale Datenbank, assets/LexiconDatabase) - keine wörtliche Übernahme",
ط-ر-ق,"Weg, Pfad - طَرِيق (ṭarīq) „Weg“","Eigene Zusammenfassung nach Lane's Arabic-English Lexicon (lokale Datenbank, assets/LexiconDatabase) - keine wörtliche Übernahme",
ب-و-ب,"Tür, Tor, Zugang - بَاب (bāb) „Tür“","Eigene Zusammenfassung nach Lane's Arabic-English Lexicon (lokale Datenbank, assets/LexiconDatabase) - keine wörtliche Übernahme",
ر-ب-ب,"Herr, Meister; im religiösen Kontext: Gott als Herr der Welten - رَبّ (rabb) „Herr“","Eigene Zusammenfassung nach klassischer arabischer Lexikographie (Lisān al-ʿArab, Lane's Lexicon) - Grundform in der lokalen Lane's-Datenbank lückenhaft, Bedeutung durch allgemein bekannten klassischen Gebrauch abgesichert (eines der häufigsten Wörter im Koran)",
ك-ل-م,"Wort, Ausdruck, Aussage - كَلِمَة (kalima) „Wort“","Eigene Zusammenfassung nach Lane's Arabic-English Lexicon (lokale Datenbank, assets/LexiconDatabase) - keine wörtliche Übernahme",
ح-ق-ق,"Wahrheit, Recht, Anrecht (Gegensatzwort zu باطل Falschheit) - حَقّ (ḥaqq) „Wahrheit, Recht“","Eigene Zusammenfassung nach klassischer arabischer Lexikographie (Lisān al-ʿArab, Lane's Lexicon) - Grundform in der lokalen Lane's-Datenbank lückenhaft, Bedeutung durch allgemein bekannten klassischen Gebrauch abgesichert (eines der häufigsten Wörter im Koran)",
ن-و-ر,Feuer; dieselbe Wurzel wie نور „Licht“ - نَار (nār) „Feuer“,"Eigene Zusammenfassung nach Lane's Arabic-English Lexicon (lokale Datenbank, assets/LexiconDatabase) - keine wörtliche Übernahme",
م-و-ل,"Besitz, Vermögen, Eigentum (alles, was ein Mensch besitzt) - مَال (māl) „Besitz“","Eigene Zusammenfassung nach Lane's Arabic-English Lexicon (lokale Datenbank, assets/LexiconDatabase) - keine wörtliche Übernahme",
و-ق-ت,"Zeit, festgesetzter Zeitpunkt - وَقْت (waqt) „Zeit“","Eigene Zusammenfassung nach Lane's Arabic-English Lexicon (lokale Datenbank, assets/LexiconDatabase) - keine wörtliche Übernahme",
م-ن-ع,"verhindern, hindern, verweigern (Gegensatzwort zu أعطى geben) - مَنْع (manʿ) „Verhinderung“","Eigene Zusammenfassung nach Lane's Arabic-English Lexicon (lokale Datenbank, assets/LexiconDatabase) - keine wörtliche Übernahme",
أ-م-ر,"befehlen, anordnen (Gegensatzwort zu نهى verbieten) - أَمْر (amr) „Befehl, Angelegenheit“","Eigene Zusammenfassung nach Lane's Arabic-English Lexicon (lokale Datenbank, assets/LexiconDatabase) - keine wörtliche Übernahme",
و-ع-د,versprechen (Gutes oder auch drohend Schlechtes ankündigen) - وَعْد (waʿd) „Versprechen“,"Eigene Zusammenfassung nach Lane's Arabic-English Lexicon (lokale Datenbank, assets/LexiconDatabase) - keine wörtliche Übernahme",
د-ع-و,"rufen, anrufen, beten, einladen - دُعَاء (duʿāʾ) „Bittgebet, Anrufung“","Eigene Zusammenfassung nach Lane's Arabic-English Lexicon (lokale Datenbank, assets/LexiconDatabase) - keine wörtliche Übernahme",
ش-ه-د,"bezeugen, Zeuge sein, aussagen - شَهَادَة (šahāda) „Zeugnis, Glaubensbekenntnis“","Eigene Zusammenfassung nach Lane's Arabic-English Lexicon (lokale Datenbank, assets/LexiconDatabase) - keine wörtliche Übernahme",
ك-ذ-ب,lügen (Gegensatzwort zu صدق wahrhaftig sein) - كَذِب (kaḏib) „Lüge“,"Eigene Zusammenfassung nach Lane's Arabic-English Lexicon (lokale Datenbank, assets/LexiconDatabase) - keine wörtliche Übernahme",
ص-د-ق,"wahrhaftig, aufrichtig sein (Gegensatzwort zu كذب lügen) - صِدْق (ṣidq) „Wahrhaftigkeit“","Eigene Zusammenfassung nach Lane's Arabic-English Lexicon (lokale Datenbank, assets/LexiconDatabase) - keine wörtliche Übernahme",
ح-ر-س,"bewachen, behüten, beschützen - حِرَاسَة (ḥirāsa) „Bewachung“","Eigene Zusammenfassung nach Lane's Arabic-English Lexicon (lokale Datenbank, assets/LexiconDatabase) - keine wörtliche Übernahme",
ج-م-ع,"sammeln, versammeln, zusammenbringen - جَمْع (ǧamʿ) „Sammlung, Versammlung“","Eigene Zusammenfassung nach Lane's Arabic-English Lexicon (lokale Datenbank, assets/LexiconDatabase) - keine wörtliche Übernahme",
ف-ر-ق,"trennen, unterscheiden - فُرْقَان (furqān) „Unterscheidung(skriterium)“","Eigene Zusammenfassung nach Lane's Arabic-English Lexicon (lokale Datenbank, assets/LexiconDatabase) - keine wörtliche Übernahme",
س-م-و,hoch/erhaben sein; Himmel (wörtlich das Erhabene) - سَمَاء (samāʾ) „Himmel“,"Eigene Zusammenfassung nach klassischer arabischer Lexikographie (Lisān al-ʿArab, Lane's Lexicon) - das Nomen سماء selbst ist in der lokalen Lane's-Datenbank nicht als eigener Eintrag erfasst (nur abgeleitete Verbformen), Bedeutung durch allgemein bekannten klassischen Gebrauch abgesichert (eines der häufigsten Wörter im Koran)",
أ-ر-ض,"Erde, Boden, Land - أَرْض (arḍ) „Erde“","Eigene Zusammenfassung nach Lane's Arabic-English Lexicon (lokale Datenbank, assets/LexiconDatabase) - keine wörtliche Übernahme",
ن-ف-س,"Seele, Selbst, Person, Atem - نَفْس (nafs) „Seele, Selbst“","Eigene Zusammenfassung nach Lane's Arabic-English Lexicon (lokale Datenbank, assets/LexiconDatabase) - keine wörtliche Übernahme",
ي-د-ي,Hand - يَد (yad) „Hand“,"Eigene Zusammenfassung nach Lane's Arabic-English Lexicon (lokale Datenbank, assets/LexiconDatabase) - keine wörtliche Übernahme",
و-ج-ه,"Gesicht, Angesicht; auch: Richtung, Absicht - وَجْه (waǧh) „Gesicht“","Eigene Zusammenfassung nach Lane's Arabic-English Lexicon (lokale Datenbank, assets/LexiconDatabase) - keine wörtliche Übernahme",
ر-أ-س,"Kopf; auch übertragen: Anführer, Gipfel - رَأْس (raʾs) „Kopf“","Eigene Zusammenfassung nach Lane's Arabic-English Lexicon (lokale Datenbank, assets/LexiconDatabase) - keine wörtliche Übernahme",
ج-ن-ن,"verhüllen, verbergen; جنّة Garten/Paradies (wörtlich das Verhüllte, Dichtbewachsene) - جَنَّة (ǧanna) „Garten, Paradies“","Eigene Zusammenfassung nach klassischer arabischer Lexikographie (Lisān al-ʿArab, Lane's Lexicon) - für diese Wurzel liegt in der lokalen Lane's-Datenbank kein Eintrag vor, Bedeutung durch allgemein bekannten klassischen Gebrauch abgesichert (eines der häufigsten Wörter im Koran)",
د-ي-ن,"Religion, Glaube; auch: Schuld, Gericht (am Jüngsten Tag) - دِين (dīn) „Religion“","Eigene Zusammenfassung nach Lane's Arabic-English Lexicon (lokale Datenbank, assets/LexiconDatabase) - keine wörtliche Übernahme",
ش-ه-ر,bekannt/berühmt machen; شهر Monat (nach dem sichtbaren Mondzyklus benannt) - شَهْر (šahr) „Monat“,"Eigene Zusammenfassung nach Lane's Arabic-English Lexicon (lokale Datenbank, assets/LexiconDatabase) - keine wörtliche Übernahme",
س-ن-و,Jahr - سَنَة (sana) „Jahr“,"Eigene Zusammenfassung nach Lane's Arabic-English Lexicon (lokale Datenbank, assets/LexiconDatabase) - keine wörtliche Übernahme",
م-ن,"Präposition: von, aus, seit — kein Verb-/Nomen-Wurzel im lexikalischen Sinn, sondern ein Funktionswort der arabischen Grammatik","Grammatikalische Funktion nach klassischer arabischer Grammatik (naḥw), nicht nach Lane's Lexicon oder Lisān al-ʿArab — Präpositionen werden in der klassischen Lexikographie nicht wie Inhaltswörter behandelt",
ف-ي,"Präposition: in, innerhalb — Funktionswort der arabischen Grammatik","Grammatikalische Funktion nach klassischer arabischer Grammatik (naḥw), nicht nach Lane's Lexicon oder Lisān al-ʿArab",
ع-ل-ى,"Präposition: auf, über — Funktionswort der arabischen Grammatik","Grammatikalische Funktion nach klassischer arabischer Grammatik (naḥw), nicht nach Lane's Lexicon oder Lisān al-ʿArab",
إ-ل-ى,"Präposition: zu, nach, bis (Richtung/Ziel) — Funktionswort der arabischen Grammatik","Grammatikalische Funktion nach klassischer arabischer Grammatik (naḥw), nicht nach Lane's Lexicon oder Lisān al-ʿArab",
ع-ن,"Präposition: über, von (weg) — Funktionswort der arabischen Grammatik","Grammatikalische Funktion nach klassischer arabischer Grammatik (naḥw), nicht nach Lane's Lexicon oder Lisān al-ʿArab",
م-ع,"Präposition: mit, zusammen mit — Funktionswort der arabischen Grammatik","Grammatikalische Funktion nach klassischer arabischer Grammatik (naḥw), nicht nach Lane's Lexicon oder Lisān al-ʿArab",
ب-ع-د,"Präposition/Adverb: nach, danach (zeitlich) — Funktionswort der arabischen Grammatik; dieselbe Wurzel wie بعيد „fern, entfernt“ (baʿīd) und بُعْد „Ferne, Distanz“","Grammatikalische Funktion nach klassischer arabischer Grammatik (naḥw), nicht nach Lane's Lexicon oder Lisān al-ʿArab",
ق-ب-ل,"Präposition/Adverb: vor, davor (zeitlich) — Funktionswort der arabischen Grammatik; Form X اِسْتَقْبَلَ (istaqbala) „empfangen, jemandem entgegengehen“ (wörtlich: sich vor jemanden stellen) - اِسْتِقْبَال (istiqbāl) „der Empfang“","Grammatikalische Funktion nach klassischer arabischer Grammatik (naḥw); Verbbedeutung nach Übersetzung des relevanten Lane's-Lexicon-Eintrags (lokale Datenbank, assets/LexiconDatabase) ins Deutsche",
ع-ن-د,"Präposition: bei, in Besitz/Gegenwart von — Funktionswort der arabischen Grammatik","Grammatikalische Funktion nach klassischer arabischer Grammatik (naḥw), nicht nach Lane's Lexicon oder Lisān al-ʿArab",
ب-ي-ن,Präposition/Adverb: zwischen — Funktionswort der arabischen Grammatik,"Grammatikalische Funktion nach klassischer arabischer Grammatik (naḥw), nicht nach Lane's Lexicon oder Lisān al-ʿArab",
ح-ت-ى,"Präposition/Konjunktion: bis, sogar — Funktionswort der arabischen Grammatik","Grammatikalische Funktion nach klassischer arabischer Grammatik (naḥw), nicht nach Lane's Lexicon oder Lisān al-ʿArab",
إ-ذ-ا,"Konjunktion: wenn, als, sobald (Bedingungs-/Zeitpartikel) — Funktionswort der arabischen Grammatik","Grammatikalische Funktion nach klassischer arabischer Grammatik (naḥw), nicht nach Lane's Lexicon oder Lisān al-ʿArab",
ط-ل-ع,"aufgehen, erscheinen (Sonne, Mond, Sterne) - طُلُوع (ṭulūʿ) „Aufgang“","Eigene Zusammenfassung nach Lane's Arabic-English Lexicon (lokale Datenbank, assets/LexiconDatabase) - keine wörtliche Übernahme",
غ-ر-ب,"untergehen (Sonne), sich entfernen, fern sein - غُرُوب (ġurūb) „Untergang“","Eigene Zusammenfassung nach Lane's Arabic-English Lexicon (lokale Datenbank, assets/LexiconDatabase) - keine wörtliche Übernahme",
و-ص-ل,"ankommen, erreichen, verbinden - وُصُول (wuṣūl) „Ankunft“","Eigene Zusammenfassung nach Lane's Arabic-English Lexicon (lokale Datenbank, assets/LexiconDatabase) - keine wörtliche Übernahme",
و-ض-ع,"legen, stellen, niederlegen (Gegensatzwort zu رفع erheben) - وَضْع (waḍʿ) „das Legen“","Eigene Zusammenfassung nach Lane's Arabic-English Lexicon (lokale Datenbank, assets/LexiconDatabase) - keine wörtliche Übernahme",
ر-ف-ع,"erheben, heben, anheben (Gegensatzwort zu وضع/خفض senken) - رَفْع (rafʿ) „das Erheben“","Eigene Zusammenfassung nach Lane's Arabic-English Lexicon (lokale Datenbank, assets/LexiconDatabase) - keine wörtliche Übernahme",
خ-ف-ض,"senken, erniedrigen (Gegensatzwort zu رفع erheben) - خَفْض (khafḍ) „das Senken“","Eigene Zusammenfassung nach Lane's Arabic-English Lexicon (lokale Datenbank, assets/LexiconDatabase) - keine wörtliche Übernahme",
ن-ظ-ف,"reinigen, sauber machen - نَظَافَة (naẓāfa) „Sauberkeit“","Eigene Zusammenfassung nach klassischer arabischer Lexikographie (Lisān al-ʿArab, Lane's Lexicon) - für die Form II (نظّف) liegt in der lokalen Lane's-Datenbank kein eigener Volltext-Eintrag vor, Bedeutung durch allgemein bekannten Gebrauch abgesichert",
ف-ك-ر,"nachdenken, überlegen, betrachten - فِكْر (fikr) „Gedanke“","Eigene Zusammenfassung nach Lane's Arabic-English Lexicon (lokale Datenbank, assets/LexiconDatabase) - keine wörtliche Übernahme",
ش-و-ر,"(Grundbedeutung: zeigen/Honig sammeln); Form IV أشار „zeigen, hinweisen“ - إِشَارَة (išāra) „Zeichen, Hinweis“","Eigene Zusammenfassung nach Lane's Arabic-English Lexicon (lokale Datenbank, assets/LexiconDatabase) - keine wörtliche Übernahme",
ز-و-ر,besuchen - زِيَارَة (ziyāra) „Besuch“,"Eigene Zusammenfassung nach Lane's Arabic-English Lexicon (lokale Datenbank, assets/LexiconDatabase) - keine wörtliche Übernahme",
د-ف-ع,"stoßen, zurückdrängen, abwehren; Form III دافع „verteidigen“ - دِفَاع (difāʿ) „Verteidigung“","Eigene Zusammenfassung nach Lane's Arabic-English Lexicon (lokale Datenbank, assets/LexiconDatabase) - keine wörtliche Übernahme",
ط-ف-ل,"Kind, Kleinkind - طِفْل (ṭifl) „Kind“","Eigene Zusammenfassung nach Lane's Arabic-English Lexicon (lokale Datenbank, assets/LexiconDatabase) - keine wörtliche Übernahme",
أ-م,Mutter - أُمّ (umm) „Mutter“,"Eigene Zusammenfassung nach Lane's Arabic-English Lexicon (lokale Datenbank, assets/LexiconDatabase) - keine wörtliche Übernahme",
أ-ب,Vater - أَب (ab) „Vater“,"Eigene Zusammenfassung nach Lane's Arabic-English Lexicon (lokale Datenbank, assets/LexiconDatabase) - keine wörtliche Übernahme",
أ-خ,Bruder; Schwester - أَخ (aḫ) „Bruder“; أُخْت (uḫt) „Schwester“,"Eigene Zusammenfassung nach Lane's Arabic-English Lexicon (lokale Datenbank, assets/LexiconDatabase) - keine wörtliche Übernahme",
ش-ج-ر,"Baum, Bäume (Kollektivum) - شَجَر (šaǧar) „Bäume“, شَجَرَة (šaǧara) „ein Baum“","Eigene Zusammenfassung nach Lane's Arabic-English Lexicon (lokale Datenbank, assets/LexiconDatabase) - keine wörtliche Übernahme",
ح-د-ق,"umringen, umgeben; حَدِيقَة (ḥadīqa) „Garten“ (wörtlich: das Umfriedete)","Eigene Zusammenfassung nach Lane's Arabic-English Lexicon (lokale Datenbank, assets/LexiconDatabase) - keine wörtliche Übernahme",
س-و-ق,"treiben, antreiben; سُوق (sūq) „Markt“ (Ort, wohin Waren getrieben werden)","Eigene Zusammenfassung nach Lane's Arabic-English Lexicon (lokale Datenbank, assets/LexiconDatabase) - keine wörtliche Übernahme",
ك-ب-ر,"groß sein/werden - كَبِير (kabīr) „groß“, كِبْر (kibr) „Größe, Stolz“","Eigene Zusammenfassung nach Lane's Arabic-English Lexicon (lokale Datenbank, assets/LexiconDatabase) - keine wörtliche Übernahme",
ص-غ-ر,klein sein/werden (Gegensatzwort zu كبر groß sein) - صَغِير (ṣaġīr) „klein“,"Eigene Zusammenfassung nach Lane's Arabic-English Lexicon (lokale Datenbank, assets/LexiconDatabase) - keine wörtliche Übernahme",
ج-م-ل,"schön/gut sein; auch: Kamel (dieselbe Wurzel, andere Bedeutungsrichtung) - جَمِيل (ǧamīl) „schön“, جَمَال (ǧamāl) „Schönheit“","Eigene Zusammenfassung nach Lane's Arabic-English Lexicon (lokale Datenbank, assets/LexiconDatabase) - keine wörtliche Übernahme",
ط-و-ل,"lang sein/werden - طَوِيل (ṭawīl) „lang“, طُول (ṭūl) „Länge“","Eigene Zusammenfassung nach Lane's Arabic-English Lexicon (lokale Datenbank, assets/LexiconDatabase) - keine wörtliche Übernahme",
ج-د-د,"neu sein; auch: Ernsthaftigkeit/Eifer (verwandte Bedeutungsrichtung); als eigenständige Bedeutung auch: Glück, gutes Schicksal, sowie der Großvater/die Großmutter - جَدِيد (ǧadīd) „neu“; جَدّ (ǧadd) „Großvater“; جَدَّة (ǧadda) „Großmutter“","Eigene Zusammenfassung nach Lane's Arabic-English Lexicon (lokale Datenbank, assets/LexiconDatabase) - keine wörtliche Übernahme",
ق-د-م,"vorangehen, alt/früher sein (Gegensatzwort zu جديد neu); auch: Fuß (dieselbe Wurzel) - قَدِيم (qadīm) „alt“","Eigene Zusammenfassung nach Lane's Arabic-English Lexicon (lokale Datenbank, assets/LexiconDatabase) - keine wörtliche Übernahme",
ك-ث-ر,"viel/zahlreich sein (Gegensatzwort zu قلّ wenig sein) - كَثِير (kaṯīr) „viel“, كَثْرَة (kaṯra) „Menge“","Eigene Zusammenfassung nach Lane's Arabic-English Lexicon (lokale Datenbank, assets/LexiconDatabase) - keine wörtliche Übernahme",
ج-و-د,"großzügig/gut sein, von hoher Qualität sein - جَيِّد (ǧayyid) „gut“, جُود (ǧūd) „Großzügigkeit“","Eigene Zusammenfassung nach Lane's Arabic-English Lexicon (lokale Datenbank, assets/LexiconDatabase) - keine wörtliche Übernahme",
ح-ر-ر,"heiß sein; auch: frei sein (verwandte Bedeutungsrichtung) - حَارّ (ḥārr) „heiß“, حَرّ (ḥarr) „Hitze“","Eigene Zusammenfassung nach klassischer arabischer Lexikographie (Lisān al-ʿArab, Lane's Lexicon) - für diese Wurzel liegt in der lokalen Lane's-Datenbank kein Eintrag vor, Bedeutung durch allgemein bekannten, unstrittigen klassischen Gebrauch abgesichert",
ب-ر-د,"kalt sein/werden (Gegensatzwort zu حرّ heiß sein) - بَارِد (bārid) „kalt“, بَرْد (bard) „Kälte“","Eigene Zusammenfassung nach Lane's Arabic-English Lexicon (lokale Datenbank, assets/LexiconDatabase) - keine wörtliche Übernahme",
ه-ل,Fragepartikel für Ja/Nein-Fragen — Funktionswort der arabischen Grammatik,"Grammatikalische Funktion nach klassischer arabischer Grammatik (naḥw), nicht nach Lane's Lexicon oder Lisān al-ʿArab",
ك-ي-ف,Frage-/Adverbialpartikel: wie — Funktionswort der arabischen Grammatik,"Grammatikalische Funktion nach klassischer arabischer Grammatik (naḥw), nicht nach Lane's Lexicon oder Lisān al-ʿArab",
أ-ي-ن,"Frage-/Adverbialpartikel: wo, wohin — Funktionswort der arabischen Grammatik","Grammatikalische Funktion nach klassischer arabischer Grammatik (naḥw), nicht nach Lane's Lexicon oder Lisān al-ʿArab",
م-ت-ى,Frage-/Adverbialpartikel: wann — Funktionswort der arabischen Grammatik,"Grammatikalische Funktion nach klassischer arabischer Grammatik (naḥw), nicht nach Lane's Lexicon oder Lisān al-ʿArab",
ل-م-ا-ذ-ا,Fragepartikel: warum (zusammengesetzt aus لِ + مَا + ذَا) — Funktionswort der arabischen Grammatik,"Grammatikalische Funktion nach klassischer arabischer Grammatik (naḥw), nicht nach Lane's Lexicon oder Lisān al-ʿArab",
م-ا-ذ-ا,Fragepartikel: was (zusammengesetzt aus مَا + ذَا) — Funktionswort der arabischen Grammatik,"Grammatikalische Funktion nach klassischer arabischer Grammatik (naḥw), nicht nach Lane's Lexicon oder Lisān al-ʿArab",
ك-ل-ل,"jeder, alle, ganz (Totalitätspartikel/-nomen) — Funktionswort der arabischen Grammatik","Grammatikalische Funktion nach klassischer arabischer Grammatik (naḥw), nicht nach Lane's Lexicon oder Lisān al-ʿArab",
ل-ا,"Negationspartikel: nicht, nein — Funktionswort der arabischen Grammatik","Grammatikalische Funktion nach klassischer arabischer Grammatik (naḥw), nicht nach Lane's Lexicon oder Lisān al-ʿArab",
ك-و-ن,"sein, existieren, geschehen, werden - كَوْن (kawn) „Sein, Dasein, Existenz“","Eigene Zusammenfassung nach Lane's Arabic-English Lexicon (lokale Datenbank, assets/LexiconDatabase) - keine wörtliche Übernahme",
ج-ع-ل,"machen, tun, setzen, einsetzen (auch: machen zu, ernennen als) - جَعْل/جُعْل (ǧaʿl/ǧuʿl) „das Machen“","Eigene Zusammenfassung nach Lane's Arabic-English Lexicon (lokale Datenbank, assets/LexiconDatabase) - keine wörtliche Übernahme",
ظ-ه-ر,"erscheinen, sichtbar werden, siegen; auch: den Rücken zeigen - ظُهُور (ẓuhūr) „Erscheinen“; ظَهْر (ẓahr) „Rücken“","Eigene Zusammenfassung nach Lane's Arabic-English Lexicon (lokale Datenbank, assets/LexiconDatabase) - keine wörtliche Übernahme",
و-ق-ف,"stehen, anhalten, stehen bleiben; auch (etwas) anhalten/stiften - وَقْف (waqf) „das Anhalten; (religiöse) Stiftung“","Eigene Zusammenfassung nach Lane's Arabic-English Lexicon (lokale Datenbank, assets/LexiconDatabase) - keine wörtliche Übernahme",
س-ب-ق,"vorangehen, vorauseilen, übertreffen (in einem Wettlauf) - سَبْق/سَبَق (sabq/sabaq) „das Vorangehen, Wettlauf“","Eigene Zusammenfassung nach Lane's Arabic-English Lexicon (lokale Datenbank, assets/LexiconDatabase) - keine wörtliche Übernahme",
ن-ج-و,"gerettet werden, entkommen, sich retten - نَجَاة (naǧāh) „Rettung“","Eigene Zusammenfassung nach Lane's Arabic-English Lexicon (lokale Datenbank, assets/LexiconDatabase) - keine wörtliche Übernahme",
ه-ر-ب,"fliehen, entfliehen - هَرَب/هُرُوب (harab/hurūb) „Flucht“","Eigene Zusammenfassung nach Lane's Arabic-English Lexicon (lokale Datenbank, assets/LexiconDatabase) - keine wörtliche Übernahme",
س-ك-ن,"wohnen, sich niederlassen; auch: ruhig/still werden - سَكَن (sakan) „Wohnstätte“; سُكُون (sukūn) „Ruhe, Stille“","Eigene Zusammenfassung nach Lane's Arabic-English Lexicon (lokale Datenbank, assets/LexiconDatabase) - keine wörtliche Übernahme",
م-ر-ر,"vorbeigehen, vorübergehen; auch: bitter sein (verwandte Bedeutungsrichtung) - مَرّ (marr) „das Vorbeigehen“; مُرّ (murr) „bitter“","Eigene Zusammenfassung nach Lane's Arabic-English Lexicon (lokale Datenbank, assets/LexiconDatabase) - keine wörtliche Übernahme",
ح-ي-ي,"leben, am Leben sein; auch: grüßen - حَيَاة (ḥayāh) „Leben“; تَحِيَّة (taḥiyya) „Gruß“","Eigene Zusammenfassung nach Lane's Arabic-English Lexicon (lokale Datenbank, assets/LexiconDatabase) - keine wörtliche Übernahme",
خ-ي-ر,"wählen, das Bessere vorziehen - خَيْر (ḫayr) „das Gute, Vorzügliches“ (Gegensatzwort zu شر Böses)","Eigene Zusammenfassung nach Lane's Arabic-English Lexicon (lokale Datenbank, assets/LexiconDatabase) - keine wörtliche Übernahme",
ع-ق-ل,"verstehen, begreifen, mit Vernunft erfassen; auch: fesseln (Grundbedeutung) - عَقْل (ʿaql) „Verstand, Vernunft“","Eigene Zusammenfassung nach Lane's Arabic-English Lexicon (lokale Datenbank, assets/LexiconDatabase) - keine wörtliche Übernahme",
ر-و-ح,"sich erholen, Ruhe finden; verwandte Bedeutungen: Wind wehen, Geist/Seele - رُوح (rūḥ) „Geist, Seele“; رِيح (rīḥ) „Wind“","Eigene Zusammenfassung nach Lane's Arabic-English Lexicon (lokale Datenbank, assets/LexiconDatabase) - keine wörtliche Übernahme",
ل-س-ن,"(Grundbedeutung: die Zunge betreffen); eloquent sein - لِسَان (lisān) „Zunge, Sprache“","Eigene Zusammenfassung nach Lane's Arabic-English Lexicon (lokale Datenbank, assets/LexiconDatabase) - keine wörtliche Übernahme",
د-م-ي,bluten - دَم (dam) „Blut“,"Eigene Zusammenfassung nach Lane's Arabic-English Lexicon (lokale Datenbank, assets/LexiconDatabase) - keine wörtliche Übernahme",
ح-ج-ر,"verbieten, einschränken (Grundbedeutung); daher auch: Stein (das Feste, Abgegrenzte) - حَجَر (ḥaǧar) „Stein“","Eigene Zusammenfassung nach Lane's Arabic-English Lexicon (lokale Datenbank, assets/LexiconDatabase) - keine wörtliche Übernahme",
م-ط-ر,regnen - مَطَر (maṭar) „Regen“,"Eigene Zusammenfassung nach Lane's Arabic-English Lexicon (lokale Datenbank, assets/LexiconDatabase) - keine wörtliche Übernahme",
ن-ج-م,"hervortreten, aufgehen (Gestirn); daher: Stern - نَجْم (naǧm) „Stern“","Eigene Zusammenfassung nach Lane's Arabic-English Lexicon (lokale Datenbank, assets/LexiconDatabase) - keine wörtliche Übernahme",
ط-ع-م,"essen, kosten, schmecken - طَعَام (ṭaʿām) „Speise, Essen“; طَعْم (ṭaʿm) „Geschmack“","Eigene Zusammenfassung nach Lane's Arabic-English Lexicon (lokale Datenbank, assets/LexiconDatabase) - keine wörtliche Übernahme",
ع-ظ-م,groß/gewaltig sein; auch: Knochen (verwandte Bedeutungsrichtung) - عَظَمَة (ʿaẓama) „Größe“; عَظْم (ʿaẓm) „Knochen“,"Eigene Zusammenfassung nach Lane's Arabic-English Lexicon (lokale Datenbank, assets/LexiconDatabase) - keine wörtliche Übernahme",
ق-و-ي,"stark/kräftig sein - قُوَّة (quwwa) „Kraft, Stärke“","Eigene Zusammenfassung nach Lane's Arabic-English Lexicon (lokale Datenbank, assets/LexiconDatabase) - keine wörtliche Übernahme",
ض-ع-ف,"schwach sein, an Kraft mangeln - ضَعْف (ḍaʿf) „Schwäche“","Eigene Zusammenfassung nach Lane's Arabic-English Lexicon (lokale Datenbank, assets/LexiconDatabase) - keine wörtliche Übernahme",
غ-ن-ي,"reich sein, keinen Mangel haben - غِنًى (ġinan) „Reichtum“","Eigene Zusammenfassung nach Lane's Arabic-English Lexicon (lokale Datenbank, assets/LexiconDatabase) - keine wörtliche Übernahme",
ف-ق-ر,"arm sein, Mangel leiden; Grundbedeutung: das Rückgrat betreffen - فَقْر (faqr) „Armut“","Eigene Zusammenfassung nach Lane's Arabic-English Lexicon (lokale Datenbank, assets/LexiconDatabase) - keine wörtliche Übernahme",
س-ه-ل,leicht/einfach sein (Gegensatzwort zu صعب schwierig) - سُهُولَة (suhūla) „Leichtigkeit“,"Eigene Zusammenfassung nach Lane's Arabic-English Lexicon (lokale Datenbank, assets/LexiconDatabase) - keine wörtliche Übernahme",
ق-ر-ب,"nahe sein, sich nähern (Gegensatzwort zu بعد fern sein) - قُرْب (qurb) „Nähe“","Eigene Zusammenfassung nach Lane's Arabic-English Lexicon (lokale Datenbank, assets/LexiconDatabase) - keine wörtliche Übernahme",
ن-ع-م,"wohlergehen, angenehm/behaglich leben; als Antwortpartikel: ja - نَعِيم (naʿīm) „Wohlleben, Wonne“; نِعْمَة (niʿma) „Wohltat, Gunst“","Eigene Zusammenfassung nach Lane's Arabic-English Lexicon (lokale Datenbank, assets/LexiconDatabase) - keine wörtliche Übernahme",
و-ج-ب,"verpflichtend/notwendig sein, feststehen; auch: fallen, niederfallen (Grundbedeutung) - وَاجِب (wāǧib) „Pflicht, notwendig“","Eigene Zusammenfassung nach Lane's Arabic-English Lexicon (lokale Datenbank, assets/LexiconDatabase) - keine wörtliche Übernahme",
ح-د-ث,"geschehen, sich ereignen, neu entstehen; auch: erzählen, berichten - حَدِيث (ḥadīṯ) „Bericht, Ausspruch“","Eigene Zusammenfassung nach Lane's Arabic-English Lexicon (lokale Datenbank, assets/LexiconDatabase) - keine wörtliche Übernahme",
ب-ق-ي,"bleiben, fortbestehen, übrig bleiben - بَاقٍ (bāqin) „bleibend, fortbestehend“","Eigene Zusammenfassung nach Lane's Arabic-English Lexicon (lokale Datenbank, assets/LexiconDatabase) - keine wörtliche Übernahme",
ت-ب-ع,"folgen, nachfolgen - تَابِع (tābiʿ) „Nachfolger, Anhänger“","Eigene Zusammenfassung nach Lane's Arabic-English Lexicon (lokale Datenbank, assets/LexiconDatabase) - keine wörtliche Übernahme",
ر-س-ل,"senden, schicken; sich in Ruhe/gelassen bewegen (Grundbedeutung) - رَسُول (rasūl) „Gesandter“","Eigene Zusammenfassung nach Lane's Arabic-English Lexicon (lokale Datenbank, assets/LexiconDatabase) - keine wörtliche Übernahme",
ن-د-و,"rufen, anrufen; sich versammeln - نَادِي (nādī) „Versammlungsort, Klub“","Eigene Zusammenfassung nach Lane's Arabic-English Lexicon (lokale Datenbank, assets/LexiconDatabase) - keine wörtliche Übernahme",
ز-ي-د,"zunehmen, sich vermehren, hinzufügen - زِيَادَة (ziyāda) „Zunahme, Vermehrung“","Eigene Zusammenfassung nach Lane's Arabic-English Lexicon (lokale Datenbank, assets/LexiconDatabase) - keine wörtliche Übernahme",
ك-ش-ف,"aufdecken, enthüllen, offenbaren - كَشْف (kašf) „Enthüllung, Aufdeckung“","Eigene Zusammenfassung nach Lane's Arabic-English Lexicon (lokale Datenbank, assets/LexiconDatabase) - keine wörtliche Übernahme",
ع-د-و,"feindlich sein, überschreiten; auch: laufen, rennen (Grundbedeutung) - عَدُوّ (ʿaduww) „Feind“","Eigene Zusammenfassung nach Lane's Arabic-English Lexicon (lokale Datenbank, assets/LexiconDatabase) - keine wörtliche Übernahme",
ص-و-ت,"tönen, schallen - صَوْت (ṣawt) „Stimme, Laut, Ton“","Eigene Zusammenfassung nach Lane's Arabic-English Lexicon (lokale Datenbank, assets/LexiconDatabase) - keine wörtliche Übernahme",
ح-ر-ب,"Krieg führen, bekämpfen - حَرْب (ḥarb) „Krieg“","Eigene Zusammenfassung nach Lane's Arabic-English Lexicon (lokale Datenbank, assets/LexiconDatabase) - keine wörtliche Übernahme",
س-ل-م,"unversehrt/heil sein, sich ergeben, Frieden schließen - سِلْم/سَلَام (silm/salām) „Frieden, Unversehrtheit“ (dieselbe Wurzel wie إِسْلَام, islām „Ergebung“)","Eigene Zusammenfassung nach Lane's Arabic-English Lexicon (lokale Datenbank, assets/LexiconDatabase) - keine wörtliche Übernahme",
ل-ح-م,"zusammenfügen, verbinden (Grundbedeutung); auch: Fleisch - لَحْم (laḥm) „Fleisch“","Eigene Zusammenfassung nach Lane's Arabic-English Lexicon (lokale Datenbank, assets/LexiconDatabase) - keine wörtliche Übernahme",
خ-ب-ز,Brot backen - خُبْز (ḫubz) „Brot“,"Eigene Zusammenfassung nach Lane's Arabic-English Lexicon (lokale Datenbank, assets/LexiconDatabase) - keine wörtliche Übernahme",
ع-س-ل,"honigsüß sein, mit Honig versehen - عَسَل (ʿasal) „Honig“","Eigene Zusammenfassung nach Lane's Arabic-English Lexicon (lokale Datenbank, assets/LexiconDatabase) - keine wörtliche Übernahme",
ص-ح-ح,"gesund/richtig/echt sein - صَحِيح (ṣaḥīḥ) „gesund, richtig, echt (z. B. authentischer Hadith)“","Eigene Zusammenfassung nach Lane's Arabic-English Lexicon (lokale Datenbank, assets/LexiconDatabase) - keine wörtliche Übernahme",
س-ع-د,"glücklich/beglückt sein, Beistand leisten - سَعَادَة (saʿāda) „Glück“","Eigene Zusammenfassung nach Lane's Arabic-English Lexicon (lokale Datenbank, assets/LexiconDatabase) - keine wörtliche Übernahme",
ح-ز-ن,"traurig/betrübt sein, sich grämen - حُزْن (ḥuzn) „Trauer, Kummer“","Eigene Zusammenfassung nach Lane's Arabic-English Lexicon (lokale Datenbank, assets/LexiconDatabase) - keine wörtliche Übernahme",
ج-ه-ل,"unwissend sein, nicht wissen; auch: leichtfertig/ungestüm handeln (Grundbedeutung) - جَهْل (ǧahl) „Unwissenheit“ (daher الْجَاهِلِيَّة, al-ǧāhiliyya, die vorislamische Zeit)","Eigene Zusammenfassung nach Lane's Arabic-English Lexicon (lokale Datenbank, assets/LexiconDatabase) - keine wörtliche Übernahme",
ح-ل-ل,"erlaubt/frei sein, lösen, sich niederlassen - حَلَال (ḥalāl) „erlaubt“ (Gegenteil von حَرَام, ḥarām)","Eigene Zusammenfassung nach Lane's Arabic-English Lexicon (lokale Datenbank, assets/LexiconDatabase) - keine wörtliche Übernahme",
ح-ر-م,"verboten/unantastbar sein, heilig sein - حَرَام (ḥarām) „verboten, heilig“ (dieselbe Wurzel wie حَرَم, ḥaram, „heiliger Bezirk“, z. B. Mekka/Medina)","Eigene Zusammenfassung nach Lane's Arabic-English Lexicon (lokale Datenbank, assets/LexiconDatabase) - keine wörtliche Übernahme",
أ-و,Konjunktion: oder — Funktionswort der arabischen Grammatik,"Grammatikalische Funktion nach klassischer arabischer Grammatik (naḥw), nicht nach Lane's Lexicon oder Lisān al-ʿArab",
ث-م,"Konjunktion: dann, danach (mit zeitlichem Abstand) — Funktionswort der arabischen Grammatik","Grammatikalische Funktion nach klassischer arabischer Grammatik (naḥw), nicht nach Lane's Lexicon oder Lisān al-ʿArab",
ل-ك-ن,"Konjunktion: aber, jedoch — Funktionswort der arabischen Grammatik","Grammatikalische Funktion nach klassischer arabischer Grammatik (naḥw), nicht nach Lane's Lexicon oder Lisān al-ʿArab",
ق-د,"Partikel vor dem Verb: schon, bereits (mit Perfekt) bzw. manchmal, möglicherweise (mit Imperfekt) — Funktionswort der arabischen Grammatik","Grammatikalische Funktion nach klassischer arabischer Grammatik (naḥw), nicht nach Lane's Lexicon oder Lisān al-ʿArab",
و-ه-ب,"schenken, gewähren (ohne Gegenleistung) - هِبَة (hiba) „Geschenk“","Eigene Zusammenfassung nach Lane's Arabic-English Lexicon (lokale Datenbank, assets/LexiconDatabase) - keine wörtliche Übernahme",
ق-ص-د,"beabsichtigen, anstreben, sich zu etwas hinwenden - قَصْد (qaṣd) „Absicht“","Eigene Zusammenfassung nach Lane's Arabic-English Lexicon (lokale Datenbank, assets/LexiconDatabase) - keine wörtliche Übernahme",
ش-ر-ح,"erklären, auslegen; auch: (die Brust) weiten - شَرْح (šarḥ) „Erklärung, Kommentar“","Eigene Zusammenfassung nach Lane's Arabic-English Lexicon (lokale Datenbank, assets/LexiconDatabase) - keine wörtliche Übernahme",
س-ر-ق,stehlen - سَرِقَة (sariqa) „Diebstahl“,"Eigene Zusammenfassung nach Lane's Arabic-English Lexicon (lokale Datenbank, assets/LexiconDatabase) - keine wörtliche Übernahme",
خ-و-ن,"verraten, untreu sein - خِيَانَة (ḫiyāna) „Verrat, Untreue“","Eigene Zusammenfassung nach Lane's Arabic-English Lexicon (lokale Datenbank, assets/LexiconDatabase) - keine wörtliche Übernahme",
ه-ج-ر,"verlassen, sich abwenden, auswandern - هِجْرَة (hiǧra) „Auswanderung“ (daher die islamische Zeitrechnung, al-hiǧra)","Eigene Zusammenfassung nach Lane's Arabic-English Lexicon (lokale Datenbank, assets/LexiconDatabase) - keine wörtliche Übernahme",
ف-ر-ح,"sich freuen, froh sein - فَرَح (faraḥ) „Freude“","Eigene Zusammenfassung nach Lane's Arabic-English Lexicon (lokale Datenbank, assets/LexiconDatabase) - keine wörtliche Übernahme",
س-ي-ف,mit dem Schwert schlagen (Grundbedeutung); vor allem als Substantiv gebräuchlich - سَيْف (sayf) „Schwert“,"Eigene Zusammenfassung nach Lane's Arabic-English Lexicon (lokale Datenbank, assets/LexiconDatabase) - keine wörtliche Übernahme",
ج-ي-ش,"wallen, aufwallen (Grundbedeutung, z. B. vom Meer); vor allem als Substantiv gebräuchlich - جَيْش (ǧayš) „Heer“ (ein aufwallender, sich bewegender Menschenstrom)","Eigene Zusammenfassung nach Lane's Arabic-English Lexicon (lokale Datenbank, assets/LexiconDatabase) - keine wörtliche Übernahme",
ظ-ل-م,"unrecht handeln, unterdrücken, an den falschen Platz setzen (Grundbedeutung) - ظُلْم (ẓulm) „Unrecht, Unterdrückung“","Eigene Zusammenfassung nach Lane's Arabic-English Lexicon (lokale Datenbank, assets/LexiconDatabase) - keine wörtliche Übernahme",
ش-ي-خ,"alt werden, ergrauen - شَيْخ (šayḫ) „alter Mann, Ältester, Scheich (Ehrentitel)“","Eigene Zusammenfassung nach Lane's Arabic-English Lexicon (lokale Datenbank, assets/LexiconDatabase) - keine wörtliche Übernahme",
أ-ج-ر,"belohnen, entlohnen, vermieten - أَجْر (aǧr) „Lohn“","Eigene Zusammenfassung nach Lane's Arabic-English Lexicon (lokale Datenbank, assets/LexiconDatabase) - keine wörtliche Übernahme",
ط-ه-ر,"rein sein, sich reinigen - طَهَارَة (ṭahāra) „Reinheit“ (wichtiger Begriff der islamischen Ritualreinheit)","Eigene Zusammenfassung nach Lane's Arabic-English Lexicon (lokale Datenbank, assets/LexiconDatabase) - keine wörtliche Übernahme",
ش-ر-ف,"erhaben/edel sein, hohen Rang haben - شَرَف (šaraf) „Ehre, hoher Rang“","Eigene Zusammenfassung nach Lane's Arabic-English Lexicon (lokale Datenbank, assets/LexiconDatabase) - keine wörtliche Übernahme",
ش-ج-ع,"mutig sein - شَجَاعَة (šaǧāʿa) „Mut, Tapferkeit“","Eigene Zusammenfassung nach Lane's Arabic-English Lexicon (lokale Datenbank, assets/LexiconDatabase) - keine wörtliche Übernahme",
ج-ب-ن,feige sein - جُبْن (ǧubn) „Feigheit“,"Eigene Zusammenfassung nach Lane's Arabic-English Lexicon (lokale Datenbank, assets/LexiconDatabase) - keine wörtliche Übernahme",
ك-ر-م,"edel/großzügig sein, hochwertig sein - كَرَم (karam) „Großzügigkeit, Edelmut“","Eigene Zusammenfassung nach Lane's Arabic-English Lexicon (lokale Datenbank, assets/LexiconDatabase) - keine wörtliche Übernahme",
ب-خ-ل,geizig sein - بُخْل (buḫl) „Geiz“,"Eigene Zusammenfassung nach Lane's Arabic-English Lexicon (lokale Datenbank, assets/LexiconDatabase) - keine wörtliche Übernahme",
ذ-ل-ل,"erniedrigt/unterworfen sein, sich fügen - ذُلّ (ḏull) „Erniedrigung, Unterwerfung“","Eigene Zusammenfassung nach Lane's Arabic-English Lexicon (lokale Datenbank, assets/LexiconDatabase) - keine wörtliche Übernahme",
ف-ق-د,"verlieren, vermissen - فِقْدَان (fiqdān) „Verlust“","Eigene Zusammenfassung nach Lane's Arabic-English Lexicon (lokale Datenbank, assets/LexiconDatabase) - keine wörtliche Übernahme",
ح-ص-ل,"entstehen, sich ergeben, erlangt werden - حُصُول (ḥuṣūl) „das Erlangen, Zustandekommen“","Eigene Zusammenfassung nach Lane's Arabic-English Lexicon (lokale Datenbank, assets/LexiconDatabase) - keine wörtliche Übernahme",
ب-ح-ث,"suchen, forschen, untersuchen - بَحْث (baḥṯ) „Untersuchung, Forschung“","Eigene Zusammenfassung nach Lane's Arabic-English Lexicon (lokale Datenbank, assets/LexiconDatabase) - keine wörtliche Übernahme",
غ-ي-ر,"eifersüchtig/besorgt sein (Grundbedeutung); die Form II غيّر (ġayyara) „ändern“ - غَيْر (ġayr) „anders, ungleich“","Eigene Zusammenfassung nach Lane's Arabic-English Lexicon (lokale Datenbank, assets/LexiconDatabase) - keine wörtliche Übernahme",
ع-و-د,"zurückkehren, wiederholen, sich angewöhnen - عَادَة (ʿāda) „Gewohnheit“","Eigene Zusammenfassung nach Lane's Arabic-English Lexicon (lokale Datenbank, assets/LexiconDatabase) - keine wörtliche Übernahme",
ر-د-د,"zurückgeben, zurückschicken, antworten - رَدّ (radd) „Antwort, Rückgabe“","Eigene Zusammenfassung nach Lane's Arabic-English Lexicon (lokale Datenbank, assets/LexiconDatabase) - keine wörtliche Übernahme",
ل-ح-ظ,"bemerken, einen Blick werfen - لَحْظَة (laḥẓa) „Augenblick, Blick“","Eigene Zusammenfassung nach Lane's Arabic-English Lexicon (lokale Datenbank, assets/LexiconDatabase) - keine wörtliche Übernahme",
غ-ر-ف,"schöpfen (Wasser mit der Hand); غُرْفَة (ġurfa) als abgeleiteter Raum-Begriff „Zimmer“ (ein „ausgeschöpfter“, abgeteilter Raum)","Eigene Zusammenfassung nach Lane's Arabic-English Lexicon (lokale Datenbank, assets/LexiconDatabase) - keine wörtliche Übernahme",
ن-ف-ذ,"durchdringen, hindurchgehen, in Kraft treten - نَافِذَة (nāfiḏa) „Fenster“ (eine Öffnung, durch die man hindurchsieht)","Eigene Zusammenfassung nach Lane's Arabic-English Lexicon (lokale Datenbank, assets/LexiconDatabase) - keine wörtliche Übernahme",
ج-د-ر,"würdig/geeignet sein (Grundbedeutung); auch: mit einer Mauer umgeben - جِدَار (ǧidār) „Wand, Mauer“","Eigene Zusammenfassung nach Lane's Arabic-English Lexicon (lokale Datenbank, assets/LexiconDatabase) - keine wörtliche Übernahme",
ك-ر-س,"sich verfestigen, sich häufen (Grundbedeutung); vor allem als Substantiv gebräuchlich - كُرْسِيّ (kursiyy) „Stuhl, Thron“","Eigene Zusammenfassung nach Lane's Arabic-English Lexicon (lokale Datenbank, assets/LexiconDatabase) - keine wörtliche Übernahme",
ف-ر-ش,"ausbreiten, ein Lager herrichten - فِرَاش (firāš) „Bett, Lager“","Eigene Zusammenfassung nach Lane's Arabic-English Lexicon (lokale Datenbank, assets/LexiconDatabase) - keine wörtliche Übernahme",
ص-ب-ح,"morgens sein/werden, den Morgen erleben; مِصْبَاح (miṣbāḥ) als abgeleiteter Substantiv-Begriff „Lampe“ (Licht wie das des Morgens)","Eigene Zusammenfassung nach Lane's Arabic-English Lexicon (lokale Datenbank, assets/LexiconDatabase) - keine wörtliche Übernahme",
ح-ب-ل,"schwanger sein/werden (Grundbedeutung); vor allem als Substantiv gebräuchlich - حَبْل (ḥabl) „Seil, Strick“","Eigene Zusammenfassung nach Lane's Arabic-English Lexicon (lokale Datenbank, assets/LexiconDatabase) - keine wörtliche Übernahme",
أ-ب-ر,"stechen (mit einer Nadel), bestäuben (Palmen) - إِبْرَة (ibra) „Nadel“","Eigene Zusammenfassung nach Lane's Arabic-English Lexicon (lokale Datenbank, assets/LexiconDatabase) - keine wörtliche Übernahme",
س-و-ع,"Zeit verstreichen lassen (Grundbedeutung); vor allem als Substantiv gebräuchlich - سَاعَة (sāʿa) „Stunde, Uhr“","Eigene Zusammenfassung nach Lane's Arabic-English Lexicon (lokale Datenbank, assets/LexiconDatabase) - keine wörtliche Übernahme",
ف-ر-ص,"eine Gelegenheit ergreifen (Grundbedeutung); vor allem als Substantiv gebräuchlich - فُرْصَة (furṣa) „Gelegenheit, Chance“","Eigene Zusammenfassung nach Lane's Arabic-English Lexicon (lokale Datenbank, assets/LexiconDatabase) - keine wörtliche Übernahme",
ش-ك-ل,"formen, gestalten, ähnlich sein - شَكْل (šakl) „Form, Gestalt“ (daher مُشْكِلَة, muškila „Problem“, wörtlich ein Fall unklarer Form)","Eigene Zusammenfassung nach Lane's Arabic-English Lexicon (lokale Datenbank, assets/LexiconDatabase) - keine wörtliche Übernahme",
ص-ع-ب,schwierig/widerspenstig sein - صُعُوبَة (ṣuʿūba) „Schwierigkeit“,"Eigene Zusammenfassung nach Lane's Arabic-English Lexicon (lokale Datenbank, assets/LexiconDatabase) - keine wörtliche Übernahme",
م-ك-ن,"befähigen, ermöglichen, Macht über etwas geben - مَكَانَة (makāna) „Stellung, Vermögen“","Eigene Zusammenfassung nach Lane's Arabic-English Lexicon (lokale Datenbank, assets/LexiconDatabase) - keine wörtliche Übernahme",
ه-م-م,"sich sorgen, beabsichtigen, von Bedeutung sein - هَمّ (hamm) „Sorge, Anliegen“","Eigene Zusammenfassung nach Lane's Arabic-English Lexicon (lokale Datenbank, assets/LexiconDatabase) - keine wörtliche Übernahme",
خ-ط-ر,in den Sinn kommen (Grundbedeutung); auch: gefährlich sein - خَطَر (ḫaṭar) „Gefahr“,"Eigene Zusammenfassung nach Lane's Arabic-English Lexicon (lokale Datenbank, assets/LexiconDatabase) - keine wörtliche Übernahme",
خ-ل-ف,"hinter etwas zurückbleiben, nachfolgen, sich unterscheiden - خِلَاف (ḫilāf) „Unterschied, Uneinigkeit“","Eigene Zusammenfassung nach Lane's Arabic-English Lexicon (lokale Datenbank, assets/LexiconDatabase) - keine wörtliche Übernahme",
ش-ب-ه,"ähneln, gleichen - شَبَه (šabah) „Ähnlichkeit“","Eigene Zusammenfassung nach Lane's Arabic-English Lexicon (lokale Datenbank, assets/LexiconDatabase) - keine wörtliche Übernahme",
و-ض-ح,"klar/deutlich sein, sich zeigen - وُضُوح (wuḍūḥ) „Klarheit, Deutlichkeit“","Eigene Zusammenfassung nach Lane's Arabic-English Lexicon (lokale Datenbank, assets/LexiconDatabase) - keine wörtliche Übernahme",
س-ر-ع,"schnell sein; Form IV أَسْرَعَ „eilen, beschleunigen“ - إِسْرَاع (isrāʿ) „das Eilen“","Übersetzung des relevanten Lane's-Lexicon-Eintrags (lokale Datenbank, assets/LexiconDatabase) ins Deutsche",
ب-ط-أ,"langsam, träge, zögerlich sein — Gegenteil von أَسْرَعَ - بُطْء (buṭʾ) „Langsamkeit“","Übersetzung des relevanten Lane's-Lexicon-Eintrags (lokale Datenbank, assets/LexiconDatabase) ins Deutsche",
د-ن-و,"nahe sein, sich nähern - دُنُوّ (dunuww) „Annäherung“","Übersetzung des relevanten Lane's-Lexicon-Eintrags (lokale Datenbank, assets/LexiconDatabase) ins Deutsche",
ب-ع-ث,"senden, aussenden; auch: die Toten auferwecken (yawm al-baʿṯ, der Tag der Auferstehung) - بَعْث (baʿṯ) „das Senden/die Auferweckung“","Übersetzung des relevanten Lane's-Lexicon-Eintrags (lokale Datenbank, assets/LexiconDatabase) ins Deutsche",
ب-ل-غ,"erreichen, gelangen, an das äußerste Ziel von etwas ankommen - بُلُوغ (bulūġ) „das Erreichen“","Übersetzung des relevanten Lane's-Lexicon-Eintrags (lokale Datenbank, assets/LexiconDatabase) ins Deutsche",
خ-ت-م,"versiegeln, stempeln; auch: beenden, zu Ende bringen (z. B. خَتَمَ الْقُرْآنَ, ḫatama al-qurʾāna, den Koran zu Ende rezitieren) - خَتْم (ḫatm) „Versiegelung“","Übersetzung des relevanten Lane's-Lexicon-Eintrags (lokale Datenbank, assets/LexiconDatabase) ins Deutsche",
س-ق-ط,"fallen, herabfallen - سُقُوط (suqūṭ) „das Fallen“","Übersetzung des relevanten Lane's-Lexicon-Eintrags (lokale Datenbank, assets/LexiconDatabase) ins Deutsche",
ر-ب-ط,"binden, festbinden, festmachen - رَبْط (rabṭ) „das Binden“","Übersetzung des relevanten Lane's-Lexicon-Eintrags (lokale Datenbank, assets/LexiconDatabase) ins Deutsche",
س-ح-ب,"ziehen, schleppen (Grundbedeutung); vor allem als Kollektiv-Substantiv gebräuchlich - سَحَاب (saḥāb) „Wolke(n)“","Übersetzung des relevanten Lane's-Lexicon-Eintrags (lokale Datenbank, assets/LexiconDatabase) ins Deutsche",
ب-ر-ق,"aufblitzen, glänzen (Grundbedeutung); vor allem als Substantiv gebräuchlich - بَرْق (barq) „Blitz, was in den Wolken aufleuchtet“","Übersetzung des relevanten Lane's-Lexicon-Eintrags (lokale Datenbank, assets/LexiconDatabase) ins Deutsche",
ر-ع-د,"donnern (Grundbedeutung); vor allem als Substantiv gebräuchlich - رَعْد (raʿd) „Donner, der aus den Wolken vernommene Laut“","Übersetzung des relevanten Lane's-Lexicon-Eintrags (lokale Datenbank, assets/LexiconDatabase) ins Deutsche",
ث-ل-ج,"vor allem als Substantiv gebräuchlich - ثَلْج (ṯalj) „Schnee, das vom Himmel Fallende“","Übersetzung des relevanten Lane's-Lexicon-Eintrags (lokale Datenbank, assets/LexiconDatabase) ins Deutsche",
ج-ز-ر,"abschneiden, abtrennen (Grundbedeutung); daher جَزِيرَة (ǧazīra) „Insel“ (vom Festland abgeschnittenes Land)","Übersetzung des relevanten Lane's-Lexicon-Eintrags (lokale Datenbank, assets/LexiconDatabase) ins Deutsche",
ب-أ-ر,vor allem als Substantiv gebräuchlich - بِئْر (biʾr) „Brunnen“,"Übersetzung des relevanten Lane's-Lexicon-Eintrags (lokale Datenbank, assets/LexiconDatabase) ins Deutsche",
ج-س-ر,"kühn/wagemutig sein (Grundbedeutung); daher جِسْر (ǧisr) „Brücke“ (das, worüber man einen Fluss überquert)","Übersetzung des relevanten Lane's-Lexicon-Eintrags (lokale Datenbank, assets/LexiconDatabase) ins Deutsche",
ش-ع-ر,"wahrnehmen, spüren (Grundbedeutung); vor allem als Substantiv gebräuchlich - شَعْر (šaʿr) „Haar“","Übersetzung des relevanten Lane's-Lexicon-Eintrags (lokale Datenbank, assets/LexiconDatabase) ins Deutsche",
ظ-ف-ر,"siegen, Erfolg haben (Grundbedeutung); vor allem als Substantiv gebräuchlich - ظُفْر (ẓufr) „Fingernagel“","Übersetzung des relevanten Lane's-Lexicon-Eintrags (lokale Datenbank, assets/LexiconDatabase) ins Deutsche",
ج-ن-ح,"sich neigen, abweichen (Grundbedeutung); vor allem als Substantiv gebräuchlich - جَنَاح (ǧanāḥ) „Flügel eines Vogels; auch: Arm/Oberarm des Menschen“","Übersetzung des relevanten Lane's-Lexicon-Eintrags (lokale Datenbank, assets/LexiconDatabase) ins Deutsche",
ت-ر-ب,"vor allem als Substantiv gebräuchlich - تُرَاب (turāb) „Staub, Erde“","Übersetzung des relevanten Lane's-Lexicon-Eintrags (lokale Datenbank, assets/LexiconDatabase) ins Deutsche",
ر-م-ل,vor allem als Substantiv gebräuchlich - رَمْل (raml) „Sand“,"Übersetzung des relevanten Lane's-Lexicon-Eintrags (lokale Datenbank, assets/LexiconDatabase) ins Deutsche",
غ-و-ر,"tief eindringen, versinken (Grundbedeutung); daher غَار (ġār) „Höhle“ (in einem Berg) - laut Lane's Lexicon Synonym zu كَهْفٌ","Übersetzung des relevanten Lane's-Lexicon-Eintrags (lokale Datenbank, assets/LexiconDatabase) ins Deutsche",
ع-ر-ض,"breit/weit sein - عَرِيض (ʿarīḍ) „breit“ (Gegenteil von طَوِيل, ṭawīl)","Übersetzung des relevanten Lane's-Lexicon-Eintrags (lokale Datenbank, assets/LexiconDatabase) ins Deutsche",
ع-م-ق,"tief sein - عَمِيق (ʿamīq) „tief“ (z. B. بِئْرٌ عَمِيقَةٌ, biʾrun ʿamīqatun, ein tiefer Brunnen)","Übersetzung des relevanten Lane's-Lexicon-Eintrags (lokale Datenbank, assets/LexiconDatabase) ins Deutsche",
خ-ش-ن,"rau, grob sein - خَشِن (ḫašin) „rau, grob“","Übersetzung des relevanten Lane's-Lexicon-Eintrags (lokale Datenbank, assets/LexiconDatabase) ins Deutsche",
ق-ص-ر,"kurz sein (Grundbedeutung); daher قَصِير (qaṣīr) „kurz“ (Gegenteil von طَوِيل, ṭawīl)","Übersetzung des relevanten Lane's-Lexicon-Eintrags (lokale Datenbank, assets/LexiconDatabase) ins Deutsche",
ي-ب-س,"trocken sein/werden - يَابِس (yābis) „trocken, ausgetrocknet“","Übersetzung des relevanten Lane's-Lexicon-Eintrags (lokale Datenbank, assets/LexiconDatabase) ins Deutsche",
ر-ط-ب,"feucht/saftig sein — Gegenteil von يَابِسٌ - رَطْب (raṭb) „feucht, weich, saftig“","Übersetzung des relevanten Lane's-Lexicon-Eintrags (lokale Datenbank, assets/LexiconDatabase) ins Deutsche",
ق-ل-ل,"wenig/gering sein (an Zahl oder Menge) - قَلِيل (qalīl) „wenig, gering“","Übersetzung des relevanten Lane's-Lexicon-Eintrags (lokale Datenbank, assets/LexiconDatabase) ins Deutsche",
ح-ج-ج,"sich zu etwas hinwenden, sich zu einem Ort/einer verehrten Sache begeben - حَجّ (ḥajj) „die Pilgerfahrt (nach Mekka)“","Übersetzung des relevanten Lane's-Lexicon-Eintrags (lokale Datenbank, assets/LexiconDatabase) ins Deutsche",
ص-و-م,sich enthalten (Grundbedeutung); im religiösen Sprachgebrauch: eine bestimmte Art der Enthaltsamkeit einhalten - صَوْم (ṣawm) „das Fasten“,"Übersetzung des relevanten Lane's-Lexicon-Eintrags (lokale Datenbank, assets/LexiconDatabase) ins Deutsche",
ص-ل-و,"beten, bitten, das gottesdienstliche Gebet verrichten - صَلَاة (ṣalāh) „das (rituelle) Gebet“","Übersetzung des relevanten Lane's-Lexicon-Eintrags (lokale Datenbank, assets/LexiconDatabase) ins Deutsche",
ز-ك-و,"wachsen, zunehmen; durch Gottes Segen gedeihen - زَكَاة (zakāh) „Wachstum, Segen“; auch زَكَاة (zakāt) „die Almosensteuer“ (eigener Substantiv-Eintrag)","Übersetzung des relevanten Lane's-Lexicon-Eintrags (lokale Datenbank, assets/LexiconDatabase) ins Deutsche",
ط-و-ف,"gehen, umhergehen (Grundbedeutung); daher: um etwas herumgehen (z. B. um die Kaaba) - طَوَاف (ṭawāf) „das Umrunden“","Übersetzung des relevanten Lane's-Lexicon-Eintrags (lokale Datenbank, assets/LexiconDatabase) ins Deutsche",
س-ج-د,"sich demütig neigen, sich zu Boden beugen - سُجُود (suǧūd) „die Niederwerfung“; مَسْجِد (masǧid) „Ort der Niederwerfung, Moschee“","Übersetzung des relevanten Lane's-Lexicon-Eintrags (lokale Datenbank, assets/LexiconDatabase) ins Deutsche",
ح-م-ي,"verbieten, untersagen; auch: beschützen, verteidigen - حِمَايَة (ḥimāya) „der Schutz“","Übersetzung des relevanten Lane's-Lexicon-Eintrags (lokale Datenbank, assets/LexiconDatabase) ins Deutsche",
و-ل-ي,"die Befehlsgewalt/Aufsicht über etwas innehaben, verwalten - وِلَايَة (wilāya) „die Aufsicht, Herrschaft“","Übersetzung des relevanten Lane's-Lexicon-Eintrags (lokale Datenbank, assets/LexiconDatabase) ins Deutsche",
ر-م-ح,"vor allem als Substantiv gebräuchlich - رُمْح (rumḥ) „Speer, Lanze“","Übersetzung des relevanten Lane's-Lexicon-Eintrags (lokale Datenbank, assets/LexiconDatabase) ins Deutsche",
أ-م-م,"vorangehen, anführen (Grundbedeutung); daher إِمَام (imām) „Vorbild, Anführer, Vorbeter“ - jemand, dessen Beispiel gefolgt wird","Übersetzung des relevanten Lane's-Lexicon-Eintrags (lokale Datenbank, assets/LexiconDatabase) ins Deutsche",
ج-ن-د,vor allem als Kollektiv-Substantiv gebräuchlich - جُنْد (ǧund) „Heer“; جُنْدِيّ (ǧundiyy) „Soldat“ (Einzelform),"Übersetzung des relevanten Lane's-Lexicon-Eintrags (lokale Datenbank, assets/LexiconDatabase) ins Deutsche",
س-ل-ح,"vor allem als Substantiv gebräuchlich - سِلَاح (silāḥ) „Waffe“, das Gerät, mit dem man im Krieg kämpft und sich verteidigt","Übersetzung des relevanten Lane's-Lexicon-Eintrags (lokale Datenbank, assets/LexiconDatabase) ins Deutsche",
ت-و-ج,"vor allem als Substantiv gebräuchlich - تَاج (tāǧ) „Krone“, aus Gold und Edelsteinen gefertigter Kopfschmuck von Königen","Übersetzung des relevanten Lane's-Lexicon-Eintrags (lokale Datenbank, assets/LexiconDatabase) ins Deutsche",
ع-ر-ش,"errichten, bauen (Grundbedeutung); vor allem als Substantiv gebräuchlich - عَرْش (ʿarš) „Thron“ (u. a. der Thron Gottes)","Übersetzung des relevanten Lane's-Lexicon-Eintrags (lokale Datenbank, assets/LexiconDatabase) ins Deutsche",
ت-ج-ر,"Handel treiben - تِجَارَة (tiǧāra) „der Handel, das Kaufen und Verkaufen zum Gewinn“","Übersetzung des relevanten Lane's-Lexicon-Eintrags (lokale Datenbank, assets/LexiconDatabase) ins Deutsche",
ف-ض-ض,"zerstreuen, verteilen (Grundbedeutung); vor allem als Substantiv gebräuchlich - فِضَّة (fiḍḍa) „Silber“","Übersetzung des relevanten Lane's-Lexicon-Eintrags (lokale Datenbank, assets/LexiconDatabase) ins Deutsche",
ج-ه-ر,"vor allem als Substantiv gebräuchlich - جَوْهَر (ǧawhar) „Juwel, Edelstein“ (jeder Stein, aus dem etwas Wertvolles gewonnen wird)","Übersetzung des relevanten Lane's-Lexicon-Eintrags (lokale Datenbank, assets/LexiconDatabase) ins Deutsche",
ق-د-س,"rein sein - قُدْس (quds) „Heiligkeit, Reinheit“ (daher al-Quds, Jerusalem)","Übersetzung des relevanten Lane's-Lexicon-Eintrags (lokale Datenbank, assets/LexiconDatabase) ins Deutsche",
ح-ل-م,"träumen (Grundbedeutung); auch: Nachsicht/Langmut besitzen - حَلِيم (ḥalīm) „nachsichtig, langmütig“ (einer der Namen Gottes)","Übersetzung des relevanten Lane's-Lexicon-Eintrags (lokale Datenbank, assets/LexiconDatabase) ins Deutsche",
ن-ظ-م,"durchbohren und aufreihen (z. B. Perlen an einer Schnur); daher übertragen: ordnen, anordnen - نَظْم (naẓm) „das Aufreihen, Ordnen“","Übersetzung des relevanten Lane's-Lexicon-Eintrags (lokale Datenbank, assets/LexiconDatabase) ins Deutsche",
ث-ق-ل,"schwer, gewichtig sein oder werden - ثِقَل (ṯiqal) „Schwere“","Übersetzung des relevanten Lane's-Lexicon-Eintrags (lokale Datenbank, assets/LexiconDatabase) ins Deutsche",
خ-ف-ف,leicht sein oder werden — Gegenteil von ثَقُلَ - خِفَّة (ḫiffa) „Leichtigkeit“,"Übersetzung des relevanten Lane's-Lexicon-Eintrags (lokale Datenbank, assets/LexiconDatabase) ins Deutsche",
ح-ل-و,süß sein oder werden - حَلَاوَة (ḥalāwa) „Süße“,"Übersetzung des relevanten Lane's-Lexicon-Eintrags (lokale Datenbank, assets/LexiconDatabase) ins Deutsche",
أ-ذ-ن,vor allem als Substantiv gebräuchlich - أُذُن (uḏun) „Ohr“,"Übersetzung des relevanten Lane's-Lexicon-Eintrags (lokale Datenbank, assets/LexiconDatabase) ins Deutsche",
ع-ن-ق,vor allem als Substantiv gebräuchlich - عُنُق (ʿunuq) „Hals“,"Übersetzung des relevanten Lane's-Lexicon-Eintrags (lokale Datenbank, assets/LexiconDatabase) ins Deutsche",
ب-ط-ن,"vor allem als Substantiv gebräuchlich - بَطْن (baṭn) „Bauch, Unterleib“ (Gegenteil von ظَهْر, ẓahr „Rücken“)","Übersetzung des relevanten Lane's-Lexicon-Eintrags (lokale Datenbank, assets/LexiconDatabase) ins Deutsche",
ص-ب-ع,vor allem als Substantiv gebräuchlich - إِصْبَع (iṣbaʿ) „Finger“,"Übersetzung des relevanten Lane's-Lexicon-Eintrags (lokale Datenbank, assets/LexiconDatabase) ins Deutsche",
ف-م-م,"vor allem als Substantiv gebräuchlich - فَم (fam) „Mund“ (ursprünglich fawah, das و wird zu م)","Übersetzung des relevanten Lane's-Lexicon-Eintrags (lokale Datenbank, assets/LexiconDatabase) ins Deutsche",
أ-ن-ف,vor allem als Substantiv gebräuchlich - أَنْف (anf) „Nase“,"Übersetzung des relevanten Lane's-Lexicon-Eintrags (lokale Datenbank, assets/LexiconDatabase) ins Deutsche",
خ-د-د,eine Furche/Rinne in die Erde graben (Grundbedeutung); vor allem als Substantiv gebräuchlich - خَدّ (ḫadd) „Wange“,"Übersetzung des relevanten Lane's-Lexicon-Eintrags (lokale Datenbank, assets/LexiconDatabase) ins Deutsche",
ك-ت-ف,"vor allem als Substantiv gebräuchlich - كَتِف (katif) „Schulterblatt, Schulter“","Übersetzung des relevanten Lane's-Lexicon-Eintrags (lokale Datenbank, assets/LexiconDatabase) ins Deutsche",
ز-و-ج,"paaren, verbinden (Grundbedeutung: eines von zwei zusammengehörigen Dingen); daher زَوْج (zawj) „Ehepartner“","Übersetzung des relevanten Lane's-Lexicon-Eintrags (lokale Datenbank, assets/LexiconDatabase) ins Deutsche",
ع-ر-س,"vor allem als Substantiv gebräuchlich - عَرُوس (ʿarūs) „Braut/Bräutigam“ (während der Hochzeitszeit, für beide Geschlechter verwendet)","Übersetzung des relevanten Lane's-Lexicon-Eintrags (lokale Datenbank, assets/LexiconDatabase) ins Deutsche",
ج-ل-د,"vor allem als Substantiv gebräuchlich - جِلْد (jild) „Haut, Fell“","Übersetzung des relevanten Lane's-Lexicon-Eintrags (lokale Datenbank, assets/LexiconDatabase) ins Deutsche",
ش-ف-ه,vor allem als Substantiv gebräuchlich - شَفَة (šafa) „Lippe“,"Übersetzung des relevanten Lane's-Lexicon-Eintrags (lokale Datenbank, assets/LexiconDatabase) ins Deutsche",
ج-و-ع,"hungrig sein, leer im Bauch sein - جَائِع (ǧāʾiʿ) „hungrig“","Übersetzung des relevanten Lane's-Lexicon-Eintrags (lokale Datenbank, assets/LexiconDatabase) ins Deutsche",
ع-ط-ش,vor allem als Adjektiv gebräuchlich - عَطْشَان (ʿaṭšān) „durstig“,"Übersetzung des relevanten Lane's-Lexicon-Eintrags (lokale Datenbank, assets/LexiconDatabase) ins Deutsche",
م-ر-ض,"krank sein, ein verändertes Befinden haben - مَرِيض (marīḍ) „krank“","Übersetzung des relevanten Lane's-Lexicon-Eintrags (lokale Datenbank, assets/LexiconDatabase) ins Deutsche",
ت-ع-ب,vor allem als Adjektiv gebräuchlich - تَعْبَان (taʿbān) „müde“,"Übersetzung des relevanten Lane's-Lexicon-Eintrags (lokale Datenbank, assets/LexiconDatabase) ins Deutsche",
و-س-خ,"schmutzig, verunreinigt sein (aus Mangel an Pflege) - وَسِخ (wasiḫ) „schmutzig“","Übersetzung des relevanten Lane's-Lexicon-Eintrags (lokale Datenbank, assets/LexiconDatabase) ins Deutsche",
ح-م-ض,sauer/scharf im Geschmack sein - حَامِض (ḥāmiḍ) „sauer“,"Übersetzung des relevanten Lane's-Lexicon-Eintrags (lokale Datenbank, assets/LexiconDatabase) ins Deutsche",
ن-ش-ط,"lebhaft, munter, energiegeladen sein - نَشِيط (našīṭ) „aktiv, lebhaft“","Übersetzung des relevanten Lane's-Lexicon-Eintrags (lokale Datenbank, assets/LexiconDatabase) ins Deutsche",
ر-ب-ح,Gewinn machen im Handel - رِبْح (ribḥ) „Gewinn“,"Übersetzung des relevanten Lane's-Lexicon-Eintrags (lokale Datenbank, assets/LexiconDatabase) ins Deutsche",
غ-د-ر,"verlassen, zurücklassen; Form III غَادَرَ (ġādara) „verlassen, abreisen“ - مُغَادَرَة (muġādara) „das Verlassen“","Übersetzung des relevanten Lane's-Lexicon-Eintrags (lokale Datenbank, assets/LexiconDatabase) ins Deutsche",
ح-ذ-ر,"vorsichtig sein; Form II حَذَّرَ (ḥaḏḏara) „warnen, auf der Hut setzen“ - تَحْذِير (taḥḏīr) „die Warnung“","Übersetzung des relevanten Lane's-Lexicon-Eintrags (lokale Datenbank, assets/LexiconDatabase) ins Deutsche",
ن-ذ-ر,"sich selbst etwas zur Pflicht machen, geloben - نَذْر (naḏr) „das Gelübde“","Übersetzung des relevanten Lane's-Lexicon-Eintrags (lokale Datenbank, assets/LexiconDatabase) ins Deutsche",
س-ت-ر,"verhüllen, verbergen, bedecken - سَتْر (satr) „die Verhüllung“","Übersetzung des relevanten Lane's-Lexicon-Eintrags (lokale Datenbank, assets/LexiconDatabase) ins Deutsche",
ن-ج-ح,"erfolgreich sein, ein Anliegen erreichen - إِنْجَاح (inǧāḥ) „der Erfolg“","Übersetzung des relevanten Lane's-Lexicon-Eintrags (lokale Datenbank, assets/LexiconDatabase) ins Deutsche",
ف-ش-ل,"schwach, furchtsam werden und scheitern - فَشَل (fašal) „das Scheitern“","Übersetzung des relevanten Lane's-Lexicon-Eintrags (lokale Datenbank, assets/LexiconDatabase) ins Deutsche",
ك-م-ل,"vollkommen, vollständig sein oder werden - كَمَال (kamāl) „die Vollkommenheit“","Übersetzung des relevanten Lane's-Lexicon-Eintrags (lokale Datenbank, assets/LexiconDatabase) ins Deutsche",
ط-ب-ب,"vor allem als Substantiv gebräuchlich - طَبِيب (ṭabīb) „Arzt“, kundig in der Heilkunst (الطِّبّ, aṭ-ṭibb)","Übersetzung des relevanten Lane's-Lexicon-Eintrags (lokale Datenbank, assets/LexiconDatabase) ins Deutsche",
ح-ص-ن,"befestigen, uneinnehmbar machen (Grundbedeutung); حِصَان (ḥiṣān) „edles, hochgezüchtetes Pferd“","Übersetzung des relevanten Lane's-Lexicon-Eintrags (lokale Datenbank, assets/LexiconDatabase) ins Deutsche",
ق-م-ص,vor allem als Substantiv gebräuchlich - قَمِيص (qamīṣ) „Hemd“,"Übersetzung des relevanten Lane's-Lexicon-Eintrags (lokale Datenbank, assets/LexiconDatabase) ins Deutsche",
ك-و-ب,"vor allem als Substantiv gebräuchlich - كُوب (kūb) „Becher, Trinkgefäß ohne Henkel“","Übersetzung des relevanten Lane's-Lexicon-Eintrags (lokale Datenbank, assets/LexiconDatabase) ins Deutsche",
م-ي-د,vor allem als Substantiv gebräuchlich - مَائِدَة (māʾida) „Tisch mit Speisen darauf“,"Übersetzung des relevanten Lane's-Lexicon-Eintrags (lokale Datenbank, assets/LexiconDatabase) ins Deutsche",
ص-ح-ن,"vor allem als Substantiv gebräuchlich - صَحْن (ṣaḥn) „Schale, Gefäß“, heute auch „Teller“","Übersetzung des relevanten Lane's-Lexicon-Eintrags (lokale Datenbank, assets/LexiconDatabase) ins Deutsche",
م-ل-ح,"vor allem als Substantiv gebräuchlich - مِلْح (milḥ) „Salz“ (z. B. أَمْوَاهٌ مِلْحٌ, amwāhun milḥun, „salziges Wasser“)","Übersetzung des relevanten Lane's-Lexicon-Eintrags (lokale Datenbank, assets/LexiconDatabase) ins Deutsche",
ز-ي-ت,vor allem als Substantiv gebräuchlich - زَيْت (zayt) „Öl“ (ursprünglich Olivenöl),"Übersetzung des relevanten Lane's-Lexicon-Eintrags (lokale Datenbank, assets/LexiconDatabase) ins Deutsche",
ت-ف-ح,vor allem als Substantiv gebräuchlich - تُفَّاح (tuffāḥ) „Apfel“,"Übersetzung des relevanten Lane's-Lexicon-Eintrags (lokale Datenbank, assets/LexiconDatabase) ins Deutsche",
ع-ن-ب,vor allem als Substantiv gebräuchlich - عِنَب (ʿinab) „Trauben“,"Übersetzung des relevanten Lane's-Lexicon-Eintrags (lokale Datenbank, assets/LexiconDatabase) ins Deutsche",
ت-م-ر,vor allem als Substantiv gebräuchlich - تَمْر (tamr) „Datteln“,"Übersetzung des relevanten Lane's-Lexicon-Eintrags (lokale Datenbank, assets/LexiconDatabase) ins Deutsche",
ه-ن-د-س,"aus dem Persischen entlehnte Wurzel (handāz, „Maß nehmen“) - مُهَنْدِس (muhandis) „Ingenieur, Architekt, Geometer“","Übersetzung des relevanten Lane's-Lexicon-Eintrags (lokale Datenbank, assets/LexiconDatabase) ins Deutsche",
س-ك-ر,trunken sein (Grundbedeutung); aus dem Persischen entlehnt: سُكَّر (sukkar) „Zucker“,"Übersetzung des relevanten Lane's-Lexicon-Eintrags (lokale Datenbank, assets/LexiconDatabase) ins Deutsche",
ق-ل-م,"vor allem als Substantiv gebräuchlich - قَلَم (qalam) „Schreibrohr, Feder“","Übersetzung des relevanten Lane's-Lexicon-Eintrags (lokale Datenbank, assets/LexiconDatabase) ins Deutsche",
ر-خ-ص,"billig, niedrigpreisig sein - رَخِيص (raḫīṣ) „billig“","Übersetzung des relevanten Lane's-Lexicon-Eintrags (lokale Datenbank, assets/LexiconDatabase) ins Deutsche",
ل-ط-ف,"sanft, gütig, freundlich sein - لَطِيف (laṭīf) „sanft, gütig“ (einer der Namen Gottes)","Übersetzung des relevanten Lane's-Lexicon-Eintrags (lokale Datenbank, assets/LexiconDatabase) ins Deutsche",
ع-ج-ب,"sich wundern, etwas als ungewöhnlich empfinden - عَجَب (ʿaǧab) „Verwunderung“; عَجِيب (ʿaǧīb) „erstaunlich, seltsam“","Übersetzung des relevanten Lane's-Lexicon-Eintrags (lokale Datenbank, assets/LexiconDatabase) ins Deutsche",
ح-ض-ر,"anwesend, gegenwärtig sein - حَاضِر (ḥāḍir) „anwesend“ (Gegenteil von غَائِبٌ)","Übersetzung des relevanten Lane's-Lexicon-Eintrags (lokale Datenbank, assets/LexiconDatabase) ins Deutsche",
ق-ف-ز,"springen, hüpfen, sich hochschnellen - قَفْز (qafz) „das Springen“","Übersetzung des relevanten Lane's-Lexicon-Eintrags (lokale Datenbank, assets/LexiconDatabase) ins Deutsche",
ز-ح-ف,"kriechen, sich langsam und mühevoll vorwärtsbewegen (z. B. ein Heer, ein Kleinkind) - زَحْف (zaḥf) „das Kriechen“","Übersetzung des relevanten Lane's-Lexicon-Eintrags (lokale Datenbank, assets/LexiconDatabase) ins Deutsche",
ص-ر-خ,"laut rufen oder schreien, bes. bei Schreck oder Not - صُرَاخ (ṣurāḫ) „das Schreien“","Übersetzung des relevanten Lane's-Lexicon-Eintrags (lokale Datenbank, assets/LexiconDatabase) ins Deutsche",
ه-م-س,"leise, undeutlich und sanft sprechen - هَمْس (hams) „das Flüstern“","Übersetzung des relevanten Lane's-Lexicon-Eintrags (lokale Datenbank, assets/LexiconDatabase) ins Deutsche",
ر-ق-ص,"tanzen, sich spielerisch bewegen - رَقْص (raqṣ) „das Tanzen“","Übersetzung des relevanten Lane's-Lexicon-Eintrags (lokale Datenbank, assets/LexiconDatabase) ins Deutsche",
ك-ن-س,"(einen Raum) mit einem Besen fegen, kehren - كَنْس (kans) „das Fegen“","Übersetzung des relevanten Lane's-Lexicon-Eintrags (lokale Datenbank, assets/LexiconDatabase) ins Deutsche",
غ-ي-م,"Wolken, von Wolken bedeckt sein - غَيْم (ġaym) „die Wolke“","Übersetzung des relevanten Lane's-Lexicon-Eintrags (lokale Datenbank, assets/LexiconDatabase) ins Deutsche",
ف-ص-ل,"trennen, abtrennen; auch: Abschnitt des Jahres - فَصْل (faṣl) „die Jahreszeit, der Abschnitt“","Übersetzung des relevanten Lane's-Lexicon-Eintrags (lokale Datenbank, assets/LexiconDatabase) ins Deutsche",
ص-ي-ف,vor allem als Substantiv gebräuchlich - صَيْف (ṣayf) „der Sommer“ (eine der vier Jahreszeiten),"Übersetzung des relevanten Lane's-Lexicon-Eintrags (lokale Datenbank, assets/LexiconDatabase) ins Deutsche",
ش-ت-و,vor allem als Substantiv gebräuchlich - شِتَاء (šitāʾ) „der Winter“ (eine der vier Jahreszeiten),"Übersetzung des relevanten Lane's-Lexicon-Eintrags (lokale Datenbank, assets/LexiconDatabase) ins Deutsche",
ر-ب-ع,"vierteln, in Viertel teilen (Grundbedeutung); رَبِيع (rabīʿ) „der Frühling“ (die Jahreszeit, in der Kräuter und Blüten hervorkommen)","Übersetzung des relevanten Lane's-Lexicon-Eintrags (lokale Datenbank, assets/LexiconDatabase) ins Deutsche",
خ-ر-ف,"Früchte pflücken (Grundbedeutung); خَرِيف (ḫarīf) „der Herbst“ (die Jahreszeit, in der die Früchte reifen)","Übersetzung des relevanten Lane's-Lexicon-Eintrags (lokale Datenbank, assets/LexiconDatabase) ins Deutsche",
ه-ل-ل,"vor allem als Substantiv gebräuchlich - هِلَال (hilāl) „die Mondsichel, der Neumond“","Übersetzung des relevanten Lane's-Lexicon-Eintrags (lokale Datenbank, assets/LexiconDatabase) ins Deutsche",
غ-ي-ب,"verborgen, unsichtbar sein (Grundbedeutung); غَابَة (ġāba) „dichtes Dickicht aus Bäumen, Wald“ (weil es verbirgt, was in ihm ist)","Übersetzung des relevanten Lane's-Lexicon-Eintrags (lokale Datenbank, assets/LexiconDatabase) ins Deutsche",
ص-خ-ر,"vor allem als Substantiv gebräuchlich - صَخْرَة (ṣaḫra) „Felsblock, Fels“","Übersetzung des relevanten Lane's-Lexicon-Eintrags (lokale Datenbank, assets/LexiconDatabase) ins Deutsche",
ف-ج-ر,"aufbrechen, hervorbrechen (Grundbedeutung); فَجْر (faǧr) „die Morgendämmerung“ (das Aufbrechen des Lichts aus der Dunkelheit)","Übersetzung des relevanten Lane's-Lexicon-Eintrags (lokale Datenbank, assets/LexiconDatabase) ins Deutsche",
م-س-و,"vor allem als Substantiv gebräuchlich - مَسَاء (masāʾ) „der Abend“, Gegenteil von صَبَاح","Übersetzung des relevanten Lane's-Lexicon-Eintrags (lokale Datenbank, assets/LexiconDatabase) ins Deutsche",
ض-و-ء,"leuchten, strahlen (Grundbedeutung); ضَوْء (ḍawʾ) „das Licht“ (Synonym zu نُور)","Übersetzung des relevanten Lane's-Lexicon-Eintrags (lokale Datenbank, assets/LexiconDatabase) ins Deutsche",
ظ-ل-ل,vor allem als Substantiv gebräuchlich - ظِلّ (ẓill) „der Schatten“,"Übersetzung des relevanten Lane's-Lexicon-Eintrags (lokale Datenbank, assets/LexiconDatabase) ins Deutsche",
ح-م-ر,"rot sein oder werden, rote Farbe (ḥumra) - أَحْمَر (aḥmar) „rot“","Übersetzung des relevanten Lane's-Lexicon-Eintrags (lokale Datenbank, assets/LexiconDatabase) ins Deutsche",
ز-ر-ق,"blau sein, die Farbe des blauen Auges (zurqa) - أَزْرَق (azraq) „blau“","Übersetzung des relevanten Lane's-Lexicon-Eintrags (lokale Datenbank, assets/LexiconDatabase) ins Deutsche",
ص-ف-ر,"gelb sein, gelbe Farbe (ṣufra) - أَصْفَر (aṣfar) „gelb“","Übersetzung des relevanten Lane's-Lexicon-Eintrags (lokale Datenbank, assets/LexiconDatabase) ins Deutsche",
خ-ض-ر,"grün sein, grüne Farbe (ḫuḍra) - أَخْضَر (aḫḍar) „grün“","Übersetzung des relevanten Lane's-Lexicon-Eintrags (lokale Datenbank, assets/LexiconDatabase) ins Deutsche",
س-و-د,"schwarz sein, schwarze Farbe (sawād), Gegenteil von بَيَاض - أَسْوَد (aswad) „schwarz“","Übersetzung des relevanten Lane's-Lexicon-Eintrags (lokale Datenbank, assets/LexiconDatabase) ins Deutsche",
ب-ي-ض,"weiß sein, weiße Farbe (bayāḍ), Gegenteil von أَسْوَد - أَبْيَض (abyaḍ) „weiß“","Übersetzung des relevanten Lane's-Lexicon-Eintrags (lokale Datenbank, assets/LexiconDatabase) ins Deutsche",
ج-ف-ف,trocken sein oder werden - جَافّ (ǧāff) „trocken“,"Übersetzung des relevanten Lane's-Lexicon-Eintrags (lokale Datenbank, assets/LexiconDatabase) ins Deutsche",
ر-س-م,"zeichnen, skizzieren, aufzeichnen (im selben Lane's-Eintrag auch die ältere Grundbedeutung: eine Spur/einen Grundriss hinterlassen) - رَسْم (rasm) „die Zeichnung“","Übersetzung des relevanten Lane's-Lexicon-Eintrags (lokale Datenbank, assets/LexiconDatabase) ins Deutsche",
ع-ذ-ر,"sich entschuldigen, einen Vorwand oder eine Entschuldigung für sich vorbringen - اِعْتِذَار (iʿtiḏār) „die Entschuldigung“","Übersetzung des relevanten Lane's-Lexicon-Eintrags (lokale Datenbank, assets/LexiconDatabase) ins Deutsche",
ه-د-م,"niederreißen, abreißen, zerstören (ein Gebäude) - هَدْم (hadm) „der Abriss“","Übersetzung des relevanten Lane's-Lexicon-Eintrags (lokale Datenbank, assets/LexiconDatabase) ins Deutsche",
ن-ح-ت,"schnitzen, behauen, aus Holz oder Stein herausarbeiten - نَحْت (naḥt) „das Schnitzen“","Übersetzung des relevanten Lane's-Lexicon-Eintrags (lokale Datenbank, assets/LexiconDatabase) ins Deutsche",
ح-ف-د,"dienen, eifrig für jemanden arbeiten (Grundbedeutung); daher auch: das Enkelkind, weil es (bildlich) wie ein Diener zum Großvater steht - حَفِيد (ḥafīd) „Enkel(kind)“","Übersetzung des relevanten Lane's-Lexicon-Eintrags (lokale Datenbank, assets/LexiconDatabase) ins Deutsche",
ع-م-م,"allgemein, umfassend sein (Grundbedeutung); als eigenständige Bedeutung daher auch: der Onkel väterlicherseits (Teil der weiteren Familie) - عَمّ (ʿamm) „Onkel väterlicherseits“; عَامّ (ʿāmm) „allgemein“","Übersetzung des relevanten Lane's-Lexicon-Eintrags (lokale Datenbank, assets/LexiconDatabase) ins Deutsche",
خ-و-ل,vor allem als Substantiv gebräuchlich - خَال (ḫāl) „Onkel mütterlicherseits“,"Übersetzung des relevanten Lane's-Lexicon-Eintrags (lokale Datenbank, assets/LexiconDatabase) ins Deutsche",
ص-د-ر,vor allem als Substantiv gebräuchlich - صَدْر (ṣadr) „Brust“ (bei Lane auch übertragen für Gemüt/Sinn),"Übersetzung des relevanten Lane's-Lexicon-Eintrags (lokale Datenbank, assets/LexiconDatabase) ins Deutsche",
ف-ل-ح,"das Land pflügen, bestellen, aufreißen (Grundbedeutung); daher فَلَّاح (fallāḥ) „Bauer, Landwirt“","Übersetzung des relevanten Lane's-Lexicon-Eintrags (lokale Datenbank, assets/LexiconDatabase) ins Deutsche",
ذ-ن-ب,vor allem als Substantiv gebräuchlich - ذَنَب (ḏanab) „der Schwanz“,"Übersetzung des relevanten Lane's-Lexicon-Eintrags (lokale Datenbank, assets/LexiconDatabase) ins Deutsche",
ح-ب-ر,vor allem als Substantiv gebräuchlich - حِبْر (ḥibr) „die Tinte“,"Übersetzung des relevanten Lane's-Lexicon-Eintrags (lokale Datenbank, assets/LexiconDatabase) ins Deutsche",
ش-غ-ل,"beschäftigt, mit etwas befasst sein - مَشْغُول (mašġūl) „beschäftigt“","Übersetzung des relevanten Lane's-Lexicon-Eintrags (lokale Datenbank, assets/LexiconDatabase) ins Deutsche",
ف-ر-غ,"leer, frei (auch: frei von einer Beschäftigung) sein - فَارِغ (fāriġ) „leer, frei“","Übersetzung des relevanten Lane's-Lexicon-Eintrags (lokale Datenbank, assets/LexiconDatabase) ins Deutsche",
ع-ل-و,"hoch, erhaben sein (Grundbedeutung) - عَالٍ (ʿāl) „hoch“","Übersetzung des relevanten Lane's-Lexicon-Eintrags (lokale Datenbank, assets/LexiconDatabase) ins Deutsche",
م-ل-أ,voll sein oder werden (ein Gefäß o. Ä.) - مُمْتَلِئ (mumtaliʾ) „voll“,"Übersetzung des relevanten Lane's-Lexicon-Eintrags (lokale Datenbank, assets/LexiconDatabase) ins Deutsche",
خ-ص-ص,"besonders, eigen sein, sich von anderen unterscheiden (Gegensatzwort zu عامّ allgemein) - خَاصّ (ḫāṣṣ) „speziell, privat“","Übersetzung des relevanten Lane's-Lexicon-Eintrags (lokale Datenbank, assets/LexiconDatabase) ins Deutsche",
