arabic,german,root,frequency_rank,transliteration,masdar,masdar_transliteration,masdar_german
كَتَبَ,schreiben,ك-ت-ب,1,kataba,كِتَابَة,kitāba,das Schreiben
قَرَأَ,lesen,ق-ر-أ,2,qaraʾa,قِرَاءَة,qirāʾa,das Lesen
قَالَ,sagen,ق-و-ل,3,qāla,قَوْل,qawl,das Sagen/die Rede
ذَهَبَ,gehen,ذ-ه-ب,4,ḏahaba,ذَهَاب,ḏahāb,das Gehen
جَاءَ,kommen,ج-ي-أ,5,ǧāʾa,مَجِيء,maǧīʾ,das Kommen
عَلِمَ,wissen,ع-ل-م,6,ʿalima,عِلْم,ʿilm,das Wissen
فَعَلَ,tun,ف-ع-ل,7,faʿala,فِعْل,fiʿl,das Tun/die Handlung
رَأَى,sehen,ر-أ-ي,8,raʾā,رُؤْيَة,ruʾya,das Sehen
سَمِعَ,hören,س-م-ع,9,samiʿa,سَمْع,samʿ,das Hören
أَكَلَ,essen,أ-ك-ل,10,ʾakala,أَكْل,akl,das Essen
شَرِبَ,trinken,ش-ر-ب,11,šariba,شُرْب,šurb,das Trinken
خَلَقَ,erschaffen,خ-ل-ق,12,ḫalaqa,خَلْق,ḫalq,die Erschaffung
عَبَدَ,anbeten,ع-ب-د,13,ʿabada,عِبَادَة,ʿibāda,die Anbetung
آمَنَ,glauben,أ-م-ن,14,ʾāmana,إِيمَان,īmān,der Glaube
كَفَرَ,ungläubig sein,ك-ف-ر,15,kafara,كُفْر,kufr,der Unglaube
رَحِمَ,sich erbarmen,ر-ح-م,16,raḥima,رَحْمَة,raḥma,die Barmherzigkeit
غَفَرَ,vergeben,غ-ف-ر,17,ġafara,مَغْفِرَة,maġfira,die Vergebung
هَدَى,rechtleiten,ه-د-ي,18,hadā,هُدًى,hudan,die Rechtleitung
ضَلَّ,irregehen,ض-ل-ل,19,ḍalla,ضَلَال,ḍalāl,das Irregehen
نَزَلَ,herabsteigen,ن-ز-ل,20,nazala,نُزُول,nuzūl,das Herabsteigen
صَعِدَ,aufsteigen,ص-ع-د,21,ṣaʿida,صُعُود,ṣuʿūd,das Aufsteigen
دَخَلَ,eintreten,د-خ-ل,22,daḫala,دُخُول,duḫūl,das Eintreten
خَرَجَ,hinausgehen,خ-ر-ج,23,ḫaraǧa,خُرُوج,ḫurūǧ,das Hinausgehen
جَلَسَ,sitzen,ج-ل-س,24,ǧalasa,جُلُوس,ǧulūs,das Sitzen
قَامَ,aufstehen,ق-و-م,25,qāma,قِيَام,qiyām,das Aufstehen
مَشَى,gehen/laufen,م-ش-ي,26,mašā,مَشْي,mašy,das Gehen/Laufen
وَجَدَ,finden,و-ج-د,27,waǧada,وُجُود,wuǧūd,das Finden
طَلَبَ,suchen/verlangen,ط-ل-ب,28,ṭalaba,طَلَب,ṭalab,das Verlangen
سَأَلَ,fragen,س-أ-ل,29,saʾala,سُؤَال,suʾāl,die Frage
أَجَابَ,antworten,ج-و-ب,30,ʾaǧāba,إِجَابَة,iǧāba,die Antwort
فَهِمَ,verstehen,ف-ه-م,31,fahima,فَهْم,fahm,das Verstehen
ظَنَّ,vermuten,ظ-ن-ن,32,ẓanna,ظَنّ,ẓann,die Vermutung
حَسِبَ,meinen/rechnen,ح-س-ب,33,ḥasiba,حُسْبَان,ḥusbān,die Vermutung/Berechnung
أَرَادَ,wollen,ر-و-د,34,ʾarāda,إِرَادَة,irāda,der Wille
اسْتَطَاعَ,können/fähig sein,ط-و-ع,35,istaṭāʿa,اِسْتِطَاعَة,istiṭāʿa,die Fähigkeit
حَبَّ,lieben,ح-ب-ب,36,ḥabba,حُبّ,ḥubb,die Liebe
كَرِهَ,hassen,ك-ر-ه,37,kariha,كَرَاهِيَة,karāhiya,der Hass/die Abneigung
خَافَ,fürchten,خ-و-ف,38,ḫāfa,خَوْف,ḫawf,die Furcht
أَمِنَ,sich sicher fühlen,أ-م-ن,39,ʾamina,أَمْن,amn,die Sicherheit
صَبَرَ,geduldig sein,ص-ب-ر,40,ṣabara,صَبْر,ṣabr,die Geduld
شَكَرَ,danken,ش-ك-ر,41,šakara,شُكْر,šukr,der Dank
عَمِلَ,arbeiten/handeln,ع-م-ل,42,ʿamila,عَمَل,ʿamal,die Arbeit/das Werk
بَنَى,bauen,ب-ن-ي,43,banā,بِنَاء,bināʾ,der Bau
هَلَكَ,zugrunde gehen,ه-ل-ك,44,halaka,هَلَاك,halāk,der Untergang
عَاشَ,leben,ع-ي-ش,45,ʿāša,عَيْش,ʿayš,das Leben
مَاتَ,sterben,م-و-ت,46,māta,مَوْت,mawt,der Tod
وَلَدَ,gebären,و-ل-د,47,walada,وِلَادَة,wilāda,die Geburt
نَصَرَ,helfen/unterstützen,ن-ص-ر,48,naṣara,نَصْر,naṣr,die Hilfe/der Sieg
حَكَمَ,urteilen/herrschen,ح-ك-م,49,ḥakama,حُكْم,ḥukm,das Urteil/die Herrschaft
عَدَلَ,gerecht sein,ع-د-ل,50,ʿadala,عَدْل,ʿadl,die Gerechtigkeit
ذَكَرَ,erinnern/erwähnen,ذ-ك-ر,51,ḏakara,ذِكْر,ḏikr,das Gedenken/die Erwähnung
نَظَرَ,schauen/betrachten,ن-ظ-ر,52,naẓara,نَظَر,naẓar,der Blick
فَتَحَ,öffnen,ف-ت-ح,53,fataḥa,فَتْح,fatḥ,die Öffnung
غَلَقَ,schließen,غ-ل-ق,54,ġalaqa,غَلْق,ġalq,das Schließen
كَسَرَ,brechen,ك-س-ر,55,kasara,كَسْر,kasr,das Brechen
حَمَلَ,tragen,ح-م-ل,56,ḥamala,حَمْل,ḥaml,das Tragen
رَمَى,werfen,ر-م-ي,57,ramā,رَمْي,ramy,das Werfen
أَخَذَ,nehmen,أ-خ-ذ,58,ʾaḫaḏa,أَخْذ,aḫḏ,das Nehmen
أَعْطَى,geben,ع-ط-و,59,ʾaʿṭā,إِعْطَاء,iʿṭāʾ,das Geben
بَاعَ,verkaufen,ب-ي-ع,60,bāʿa,بَيْع,bayʿ,der Verkauf
اشْتَرَى,kaufen,ش-ر-ي,61,ištarā,اِشْتِرَاء,ištirāʾ,der Kauf
ضَرَبَ,schlagen,ض-ر-ب,62,ḍaraba,ضَرْب,ḍarb,der Schlag
قَتَلَ,töten,ق-ت-ل,63,qatala,قَتْل,qatl,das Töten
حَفِظَ,bewahren/auswendig lernen,ح-ف-ظ,64,ḥafiẓa,حِفْظ,ḥifẓ,die Bewahrung
نَسِيَ,vergessen,ن-س-ي,65,nasiya,نِسْيَان,nisyān,das Vergessen
كَتَمَ,verbergen,ك-ت-م,66,katama,كِتْمَان,kitmān,das Verbergen
لَبِسَ,anziehen,ل-ب-س,67,labisa,لُبْس,lubs,das Anziehen
نَامَ,schlafen,ن-و-م,68,nāma,نَوْم,nawm,der Schlaf
اسْتَيْقَظَ,aufwachen,ي-ق-ظ,69,istayqaẓa,اِسْتِيقَاظ,istiqāẓ,das Aufwachen
ضَحِكَ,lachen,ض-ح-ك,70,ḍaḥika,ضَحِك,ḍaḥik,das Lachen
بَكَى,weinen,ب-ك-ي,71,bakā,بُكَاء,bukāʾ,das Weinen
لَعِبَ,spielen,ل-ع-ب,72,laʿiba,لَعِب,laʿib,das Spielen
دَرَّسَ,unterrichten,د-ر-س,73,darrasa,تَدْرِيس,tadrīs,der Unterricht
رَجَعَ,zurückkehren,ر-ج-ع,74,raǧaʿa,رُجُوع,ruǧūʿ,die Rückkehr
تَرَكَ,verlassen,ت-ر-ك,75,taraka,تَرْك,tark,das Verlassen
بَدَأَ,beginnen,ب-د-أ,76,badaʾa,بَدْء,badʾ,der Beginn
انْتَهَى,enden,ن-ه-ي,77,intahā,اِنْتِهَاء,intihāʾ,das Enden
فَازَ,siegen,ف-و-ز,78,fāza,فَوْز,fawz,der Sieg
خَسِرَ,verlieren,خ-س-ر,79,ḫasira,خَسَارَة,ḫasāra,der Verlust
لَقِيَ,treffen,ل-ق-ي,80,laqiya,لِقَاء,liqāʾ,das Treffen
عَرَفَ,kennen/erkennen,ع-ر-ف,81,ʿarafa,مَعْرِفَة,maʿrifa,das Kennen/Wissen
احْتَاجَ,brauchen,ح-و-ج,82,iḥtāǧa,اِحْتِيَاج,iḥtiyāǧ,das Bedürfnis
مَلَكَ,besitzen/herrschen,م-ل-ك,83,malaka,مُلْك,mulk,die Herrschaft/der Besitz
غَضِبَ,zornig sein,غ-ض-ب,84,ġaḍiba,غَضَب,ġaḍab,der Zorn
رَضِيَ,zufrieden sein,ر-ض-و,85,raḍiya,رِضًى,riḍan,die Zufriedenheit
جَاهَدَ,kämpfen/sich anstrengen,ج-ه-د,86,ǧāhada,جِهَاد,ǧihād,der Kampf/die Anstrengung
صَنَعَ,herstellen,ص-ن-ع,87,ṣanaʿa,صُنْع,ṣunʿ,die Herstellung
زَرَعَ,pflanzen,ز-ر-ع,88,zaraʿa,زَرْع,zarʿ,das Pflanzen
حَصَدَ,ernten,ح-ص-د,89,ḥaṣada,حَصَاد,ḥaṣād,die Ernte
طَبَخَ,kochen,ط-ب-خ,90,ṭabaḫa,طَبْخ,ṭabḫ,das Kochen
غَسَلَ,waschen,غ-س-ل,91,ġasala,غَسْل,ġasl,das Waschen
لَبِثَ,verweilen,ل-ب-ث,92,labiṯa,لَبْث,labṯ,das Verweilen
سَافَرَ,reisen,س-ف-ر,93,sāfara,سَفَر,safar,die Reise
رَجَا,hoffen,ر-ج-و,94,raǧā,رَجَاء,raǧāʾ,die Hoffnung
طَارَ,fliegen,ط-ي-ر,95,ṭāra,طَيَرَان,ṭayarān,der Flug
سَبَحَ,schwimmen,س-ب-ح,96,sabaḥa,سِبَاحَة,sibāḥa,das Schwimmen
جَرَى,laufen/fließen,ج-ر-ي,97,ǧarā,جَرْي,ǧary,das Laufen/Fließen
أَحْرَقَ,verbrennen,ح-ر-ق,98,ʾaḥraqa,إِحْرَاق,iḥrāq,das Verbrennen
قَطَعَ,schneiden,ق-ط-ع,99,qaṭaʿa,قَطْع,qaṭʿ,das Schneiden
صَلَحَ,gut/richtig sein,ص-ل-ح,100,ṣalaḥa,صَلَاح,ṣalāḥ,die Rechtschaffenheit
رَجُلٌ,Mann,ر-ج-ل,101,raǧul,,,
اِمْرَأَةٌ,Frau,م-ر-أ,102,imraʾa,,,
بَيْتٌ,Haus,ب-ي-ت,103,bayt,,,
مَاءٌ,Wasser,م-و-ه,104,māʾ,,,
يَوْمٌ,Tag,ي-و-م,105,yawm,,,
قَلْبٌ,Herz,ق-ل-ب,106,qalb,,,
عَيْنٌ,Auge,ع-ي-ن,107,ʿayn,,,
بَحْرٌ,Meer,ب-ح-ر,108,baḥr,,,
جَبَلٌ,Berg,ج-ب-ل,109,ǧabal,,,
شَمْسٌ,Sonne,ش-م-س,110,šams,,,
قَمَرٌ,Mond,ق-م-ر,111,qamar,,,
لَيْلٌ,Nacht,ل-ي-ل,112,layl,,,
نَهَارٌ,Tag/Tageszeit,ن-ه-ر,113,nahār,,,
مَدِينَةٌ,Stadt,م-د-ن,114,madīna,,,
طَرِيقٌ,Weg,ط-ر-ق,115,ṭarīq,,,
بَابٌ,Tür,ب-و-ب,116,bāb,,,
رَبٌّ,Herr,ر-ب-ب,117,rabb,,,
كَلِمَةٌ,Wort,ك-ل-م,118,kalima,,,
حَقٌّ,Wahrheit/Recht,ح-ق-ق,119,ḥaqq,,,
نَارٌ,Feuer,ن-و-ر,120,nār,,,
مَالٌ,Besitz/Geld,م-و-ل,121,māl,,,
وَقْتٌ,Zeit,و-ق-ت,122,waqt,,,
كِتَابٌ,Buch,ك-ت-ب,123,kitāb,,,
مَلِكٌ,König,م-ل-ك,124,malik,,,
عِلْمٌ,Wissen,ع-ل-م,125,ʿilm,,,
مَنَعَ,verhindern,م-ن-ع,126,manaʿa,مَنْع,manʿ,die Verhinderung
أَمَرَ,befehlen,أ-م-ر,127,amara,أَمْر,amr,der Befehl
وَعَدَ,versprechen,و-ع-د,128,waʿada,وَعْد,waʿd,das Versprechen
دَعَا,rufen/beten,د-ع-و,129,daʿā,دُعَاء,duʿāʾ,das Bittgebet/der Ruf
شَهِدَ,bezeugen,ش-ه-د,130,šahida,شَهَادَة,šahāda,das Zeugnis
كَذَبَ,lügen,ك-ذ-ب,131,kaḏaba,كَذِب,kaḏib,die Lüge
صَدَقَ,wahrhaftig sein,ص-د-ق,132,ṣadaqa,صِدْق,ṣidq,die Wahrhaftigkeit
حَرَسَ,bewachen,ح-ر-س,133,ḥarasa,حِرَاسَة,ḥirāsa,die Bewachung
جَمَعَ,sammeln,ج-م-ع,134,ǧamaʿa,جَمْع,ǧamʿ,das Sammeln
فَرَقَ,trennen,ف-ر-ق,135,faraqa,فَرْق,farq,die Trennung/der Unterschied
سَمَاءٌ,Himmel,س-م-و,136,samāʾ,,,
أَرْضٌ,Erde,أ-ر-ض,137,arḍ,,,
نَفْسٌ,Seele/Selbst,ن-ف-س,138,nafs,,,
يَدٌ,Hand,ي-د-ي,139,yad,,,
وَجْهٌ,Gesicht,و-ج-ه,140,waǧh,,,
رَأْسٌ,Kopf,ر-أ-س,141,raʾs,,,
جَنَّةٌ,Paradies/Garten,ج-ن-ن,142,ǧanna,,,
دِينٌ,Religion,د-ي-ن,143,dīn,,,
شَهْرٌ,Monat,ش-ه-ر,144,šahr,,,
سَنَةٌ,Jahr,س-ن-و,145,sana,,,
مِنْ,von/aus,م-ن,146,min,,,
فِي,in,ف-ي,147,fī,,,
عَلَى,auf,ع-ل-ى,148,ʿalā,,,
إِلَى,zu,إ-ل-ى,149,ilā,,,
عَنْ,über/von,ع-ن,150,ʿan,,,
مَعَ,mit,م-ع,151,maʿa,,,
بَعْدَ,nach,ب-ع-د,152,baʿda,,,
قَبْلَ,vor,ق-ب-ل,153,qabla,,,
عِنْدَ,bei,ع-ن-د,154,ʿinda,,,
بَيْنَ,zwischen,ب-ي-ن,155,bayna,,,
حَتَّى,bis,ح-ت-ى,156,ḥattā,,,
إِذَا,wenn/als,إ-ذ-ا,157,iḏā,,,
طَلَعَ,aufgehen/erscheinen,ط-ل-ع,158,ṭalaʿa,طُلُوع,ṭulūʿ,das Aufgehen
غَرَبَ,untergehen (Sonne),غ-ر-ب,159,ġaraba,غُرُوب,ġurūb,der Sonnenuntergang
وَصَلَ,ankommen,و-ص-ل,160,waṣala,وُصُول,wuṣūl,die Ankunft
وَضَعَ,legen/stellen,و-ض-ع,161,waḍaʿa,وَضْع,waḍʿ,das Legen/die Lage
رَفَعَ,erheben/heben,ر-ف-ع,162,rafaʿa,رَفْع,rafʿ,das Erheben
خَفَضَ,senken,خ-ف-ض,163,ḫafaḍa,خَفْض,ḫafḍ,das Senken
نَظَّفَ,reinigen,ن-ظ-ف,164,naẓẓafa,تَنْظِيف,tanẓīf,die Reinigung
فَكَّرَ,nachdenken,ف-ك-ر,165,fakkara,تَفْكِير,tafkīr,das Nachdenken
أَشَارَ,zeigen,ش-و-ر,166,ašāra,إِشَارَة,išāra,der Hinweis/das Zeichen
زَارَ,besuchen,ز-و-ر,167,zāra,زِيَارَة,ziyāra,der Besuch
دَافَعَ,verteidigen,د-ف-ع,168,dāfaʿa,مُدَافَعَة,mudāfaʿa,die Verteidigung
اجْتَمَعَ,sich versammeln,ج-م-ع,169,iǧtamaʿa,اِجْتِمَاع,iǧtimāʿ,die Versammlung
وَلَدٌ,Junge/Kind,و-ل-د,170,walad,,,
طِفْلٌ,Kind,ط-ف-ل,171,ṭifl,,,
صَدِيقٌ,Freund,ص-د-ق,172,ṣadīq,,,
طَالِبٌ,Student,ط-ل-ب,173,ṭālib,,,
أُمٌّ,Mutter,أ-م,174,umm,,,
أَبٌ,Vater,أ-ب,175,ab,,,
أَخٌ,Bruder,أ-خ,176,aḫ,,,
شَجَرَةٌ,Baum,ش-ج-ر,177,šaǧara,,,
حَدِيقَةٌ,Garten,ح-د-ق,178,ḥadīqa,,,
مَدْرَسَةٌ,Schule,د-ر-س,179,madrasa,,,
سُوقٌ,Markt,س-و-ق,180,sūq,,,
نَهْرٌ,Fluss,ن-ه-ر,181,nahr,,,
كَبِيرٌ,groß,ك-ب-ر,182,kabīr,,,
صَغِيرٌ,klein,ص-غ-ر,183,ṣaġīr,,,
جَمِيلٌ,schön,ج-م-ل,184,ǧamīl,,,
طَوِيلٌ,lang/groß,ط-و-ل,185,ṭawīl,,,
جَدِيدٌ,neu,ج-د-د,186,ǧadīd,,,
قَدِيمٌ,alt,ق-د-م,187,qadīm,,,
كَثِيرٌ,viel,ك-ث-ر,188,kaṯīr,,,
جَيِّدٌ,gut,ج-و-د,189,ǧayyid,,,
حَارٌّ,heiß,ح-ر-ر,190,ḥārr,,,
بَارِدٌ,kalt,ب-ر-د,191,bārid,,,
هَلْ,Fragepartikel,ه-ل,192,hal,,,
كَيْفَ,wie,ك-ي-ف,193,kayfa,,,
أَيْنَ,wo,أ-ي-ن,194,ayna,,,
مَتَى,wann,م-ت-ى,195,matā,,,
لِمَاذَا,warum,ل-م-ا-ذ-ا,196,limāḏā,,,
مَنْ,wer,م-ن,197,man,,,
مَاذَا,was,م-ا-ذ-ا,198,māḏā,,,
كُلّ,jeder/alle/ganz,ك-ل-ل,199,kull,,,
لَا,nicht/nein,ل-ا,200,lā,,,
كَانَ,sein/werden,ك-و-ن,201,kāna,كَوْن,kawn,das Sein/Dasein
جَعَلَ,machen/setzen,ج-ع-ل,202,ǧaʿala,جَعْل,ǧaʿl,das Machen
ظَهَرَ,erscheinen,ظ-ه-ر,203,ẓahara,ظُهُور,ẓuhūr,das Erscheinen
وَقَفَ,stehen/anhalten,و-ق-ف,204,waqafa,وُقُوف,wuqūf,das Stehen/Anhalten
سَبَقَ,vorangehen/übertreffen,س-ب-ق,205,sabaqa,سَبْق,sabq,das Vorangehen
نَجَا,gerettet werden/entkommen,ن-ج-و,206,naǧā,نَجَاة,naǧāh,die Rettung
هَرَبَ,fliehen,ه-ر-ب,207,haraba,هَرَب,harab,die Flucht
سَكَنَ,wohnen/sich beruhigen,س-ك-ن,208,sakana,سُكُون,sukūn,das Wohnen/die Ruhe
مَرَّ,vorbeigehen,م-ر-ر,209,marra,مُرُور,murūr,das Vorbeigehen
حَيَاةٌ,Leben,ح-ي-ي,210,ḥayāh,,,
نُورٌ,Licht,ن-و-ر,211,nūr,,,
خَيْرٌ,Gutes,خ-ي-ر,212,ḫayr,,,
عَقْلٌ,Verstand,ع-ق-ل,213,ʿaql,,,
رُوحٌ,Seele/Geist,ر-و-ح,214,rūḥ,,,
لِسَانٌ,Zunge/Sprache,ل-س-ن,215,lisān,,,
دَمٌ,Blut,د-م-ي,216,dam,,,
حَجَرٌ,Stein,ح-ج-ر,217,ḥaǧar,,,
رِيحٌ,Wind,ر-و-ح,218,rīḥ,,,
مَطَرٌ,Regen,م-ط-ر,219,maṭar,,,
نَجْمٌ,Stern,ن-ج-م,220,naǧm,,,
طَعَامٌ,Essen/Speise,ط-ع-م,221,ṭaʿām,,,
عَظِيمٌ,groß/gewaltig,ع-ظ-م,222,ʿaẓīm,,,
قَوِيٌّ,stark,ق-و-ي,223,qawiyy,,,
ضَعِيفٌ,schwach,ض-ع-ف,224,ḍaʿīf,,,
غَنِيٌّ,reich,غ-ن-ي,225,ġaniyy,,,
فَقِيرٌ,arm,ف-ق-ر,226,faqīr,,,
سَهْلٌ,leicht/einfach,س-ه-ل,227,sahl,,,
بَعِيدٌ,fern,ب-ع-د,228,baʿīd,,,
قَرِيبٌ,nah,ق-ر-ب,229,qarīb,,,
نَعَمْ,ja,ن-ع-م,230,naʿam,,,
وَجَبَ,müssen/obligatorisch sein,و-ج-ب,231,wajaba,وُجُوب,wuǧūb,die Notwendigkeit
حَدَثَ,geschehen,ح-د-ث,232,ḥadaṯa,حُدُوث,ḥudūṯ,das Geschehen
بَقِيَ,bleiben,ب-ق-ي,233,baqiya,بَقَاء,baqāʾ,das Bleiben
تَبِعَ,folgen,ت-ب-ع,234,tabiʿa,تَبَع,tabaʿ,das Folgen
أَرْسَلَ,senden,ر-س-ل,235,arsala,إِرْسَال,irsāl,das Senden
نَادَى,rufen,ن-د-و,236,nādā,نِدَاء,nidāʾ,der Ruf
زَادَ,zunehmen/vermehren,ز-ي-د,237,zāda,زِيَادَة,ziyāda,die Zunahme
كَشَفَ,aufdecken/enthüllen,ك-ش-ف,238,kašafa,كَشْف,kašf,die Aufdeckung
عَدُوٌّ,Feind,ع-د-و,239,ʿaduww,,,
صَوْتٌ,Stimme,ص-و-ت,240,ṣawt,,,
رَسُولٌ,Gesandter,ر-س-ل,241,rasūl,,,
حَرْبٌ,Krieg,ح-ر-ب,242,ḥarb,,,
سِلْمٌ,Frieden,س-ل-م,243,silm,,,
لَحْمٌ,Fleisch,ل-ح-م,244,laḥm,,,
خُبْزٌ,Brot,خ-ب-ز,245,ḫubz,,,
عَسَلٌ,Honig,ع-س-ل,246,ʿasal,,,
ذَهَبٌ,Gold,ذ-ه-ب,247,ḏahab,,,
طَيْرٌ,Vogel,ط-ي-ر,248,ṭayr,,,
صَحِيحٌ,richtig/gesund,ص-ح-ح,249,ṣaḥīḥ,,,
سَعِيدٌ,glücklich,س-ع-د,250,saʿīd,,,
حَزِينٌ,traurig,ح-ز-ن,251,ḥazīn,,,
جَاهِلٌ,unwissend,ج-ه-ل,252,ǧāhil,,,
عَاقِلٌ,vernünftig,ع-ق-ل,253,ʿāqil,,,
حَلَالٌ,erlaubt,ح-ل-ل,254,ḥalāl,,,
حَرَامٌ,verboten,ح-ر-م,255,ḥarām,,,
مُؤْمِنٌ,gläubig,أ-م-ن,256,muʾmin,,,
أَوْ,oder,أ-و,257,aw,,,
ثُمَّ,dann,ث-م,258,ṯumma,,,
لَكِنْ,aber,ل-ك-ن,259,lākin,,,
قَدْ,schon/bereits,ق-د,260,qad,,,
وَهَبَ,schenken,و-ه-ب,261,wahaba,هِبَة,hiba,das Geschenk
قَصَدَ,beabsichtigen,ق-ص-د,262,qaṣada,قَصْد,qaṣd,die Absicht
شَرَحَ,erklären,ش-ر-ح,263,šaraḥa,شَرْح,šarḥ,die Erklärung
سَرَقَ,stehlen,س-ر-ق,264,saraqa,سَرِقَة,sariqa,der Diebstahl
خَانَ,verraten,خ-و-ن,265,ḫāna,خِيَانَة,ḫiyāna,der Verrat
هَاجَرَ,auswandern,ه-ج-ر,266,hāǧara,هِجْرَة,hiǧra,die Auswanderung
فَرِحَ,sich freuen,ف-ر-ح,267,fariḥa,فَرَح,faraḥ,die Freude
اسْتَرَاحَ,sich ausruhen,ر-و-ح,268,istarāḥa,اِسْتِرَاحَة,istirāḥa,die Ruhe/Erholung
سَيْفٌ,Schwert,س-ي-ف,269,sayf,,,
جَيْشٌ,Heer,ج-ي-ش,270,ǧayš,,,
عَدْلٌ,Gerechtigkeit,ع-د-ل,271,ʿadl,,,
ظُلْمٌ,Ungerechtigkeit,ظ-ل-م,272,ẓulm,,,
صِدْقٌ,Wahrhaftigkeit,ص-د-ق,273,ṣidq,,,
كَذِبٌ,Lüge,ك-ذ-ب,274,kaḏib,,,
رَحْمَةٌ,Barmherzigkeit,ر-ح-م,275,raḥma,,,
صَبْرٌ,Geduld,ص-ب-ر,276,ṣabr,,,
شُكْرٌ,Dank,ش-ك-ر,277,šukr,,,
إِيمَانٌ,Glaube,أ-م-ن,278,īmān,,,
خَوْفٌ,Furcht,خ-و-ف,279,ḫawf,,,
حُبٌّ,Liebe,ح-ب-ب,280,ḥubb,,,
شَيْخٌ,Scheich/alter Mann,ش-ي-خ,281,šayḫ,,,
أَجْرٌ,Lohn,أ-ج-ر,282,aǧr,,,
طَاهِرٌ,rein,ط-ه-ر,283,ṭāhir,,,
شَرِيفٌ,edel,ش-ر-ف,284,šarīf,,,
شُجَاعٌ,mutig,ش-ج-ع,285,šuǧāʿ,,,
جَبَانٌ,feige,ج-ب-ن,286,ǧabān,,,
كَرِيمٌ,großzügig,ك-ر-م,287,karīm,,,
بَخِيلٌ,geizig,ب-خ-ل,288,baḫīl,,,
ذَلِيلٌ,erniedrigt,ذ-ل-ل,289,ḏalīl,,,
نَظِيفٌ,sauber,ن-ظ-ف,290,naẓīf,,,
فَقَدَ,verlieren,ف-ق-د,291,faqada,فُقْدَان,fuqdān,der Verlust
حَصَلَ,erhalten/geschehen,ح-ص-ل,292,ḥaṣala,حُصُول,ḥuṣūl,das Erlangen
بَحَثَ,suchen/forschen,ب-ح-ث,293,baḥaṯa,بَحْث,baḥṯ,die Forschung/Suche
غَيَّرَ,ändern,غ-ي-ر,294,ġayyara,تَغْيِير,taġyīr,die Änderung
عَادَ,zurückkehren,ع-و-د,295,ʿāda,عَوْدَة,ʿawda,die Rückkehr
رَدَّ,zurückgeben/antworten,ر-د-د,296,radda,رَدّ,radd,die Antwort/Rückgabe
عَلَّمَ,lehren,ع-ل-م,297,ʿallama,تَعْلِيم,taʿlīm,der Unterricht
لَاحَظَ,bemerken,ل-ح-ظ,298,lāḥaẓa,مُلَاحَظَة,mulāḥaẓa,die Beachtung/Bemerkung
مِفْتَاحٌ,Schlüssel,ف-ت-ح,299,miftāḥ,,,
غُرْفَةٌ,Zimmer,غ-ر-ف,300,ġurfa,,,
نَافِذَةٌ,Fenster,ن-ف-ذ,301,nāfiḏa,,,
جِدَارٌ,Wand,ج-د-ر,302,ǧidār,,,
كُرْسِيٌّ,Stuhl,ك-ر-س,303,kursiyy,,,
فِرَاشٌ,Bett,ف-ر-ش,304,firāš,,,
مِصْبَاحٌ,Lampe,ص-ب-ح,305,miṣbāḥ,,,
حَبْلٌ,Seil,ح-ب-ل,306,ḥabl,,,
إِبْرَةٌ,Nadel,أ-ب-ر,307,ibra,,,
مِرْآةٌ,Spiegel,ر-أ-ي,308,mirʾāh,,,
سَاعَةٌ,Uhr/Stunde,س-و-ع,309,sāʿa,,,
فُرْصَةٌ,Gelegenheit,ف-ر-ص,310,furṣa,,,
مُشْكِلَةٌ,Problem,ش-ك-ل,311,muškila,,,
حَلٌّ,Lösung,ح-ل-ل,312,ḥall,,,
صَعْبٌ,schwierig,ص-ع-ب,313,ṣaʿb,,,
مُمْكِنٌ,möglich,م-ك-ن,314,mumkin,,,
مُهِمٌّ,wichtig,ه-م-م,315,muhimm,,,
خَطِيرٌ,gefährlich,خ-ط-ر,316,ḫaṭīr,,,
آمِنٌ,sicher,أ-م-ن,317,āmin,,,
مُخْتَلِفٌ,unterschiedlich,خ-ل-ف,318,muḫtalif,,,
مُشَابِهٌ,ähnlich,ش-ب-ه,319,mušābih,,,
وَاضِحٌ,klar/deutlich,و-ض-ح,320,wāḍiḥ,,,
أَسْرَعَ,eilen/beschleunigen,س-ر-ع,321,asraʿa,إِسْرَاع,isrāʿ,das Beeilen/die Eile
بَطُؤَ,langsam sein,ب-ط-أ,322,baṭuʾa,بُطْء,buṭʾ,die Langsamkeit
دَنَا,sich nähern,د-ن-و,323,danā,دُنُوّ,dunuww,die Annäherung
بَعَثَ,senden/(die Toten) auferwecken,ب-ع-ث,324,baʿaṯa,بَعْث,baʿṯ,das Senden/die Auferweckung
بَلَغَ,erreichen/gelangen,ب-ل-غ,325,balaġa,بُلُوغ,bulūġ,das Erreichen
خَتَمَ,versiegeln/beenden,خ-ت-م,326,ḫatama,خَتْم,ḫatm,die Versiegelung
سَقَطَ,fallen,س-ق-ط,327,saqaṭa,سُقُوط,suqūṭ,das Fallen
رَبَطَ,binden/festbinden,ر-ب-ط,328,rabaṭa,رَبْط,rabṭ,das Binden
سَحَابٌ,Wolke,س-ح-ب,329,saḥāb,,,
بَرْقٌ,Blitz,ب-ر-ق,330,barq,,,
رَعْدٌ,Donner,ر-ع-د,331,raʿd,,,
ثَلْجٌ,Schnee,ث-ل-ج,332,ṯalj,,,
جَزِيرَةٌ,Insel,ج-ز-ر,333,ǧazīra,,,
بِئْرٌ,Brunnen,ب-أ-ر,334,biʾr,,,
جِسْرٌ,Brücke,ج-س-ر,335,ǧisr,,,
عَظْمٌ,Knochen,ع-ظ-م,336,ʿaẓm,,,
شَعْرٌ,Haar,ش-ع-ر,337,šaʿr,,,
ظُفْرٌ,Fingernagel,ظ-ف-ر,338,ẓufr,,,
جَنَاحٌ,Flügel,ج-ن-ح,339,ǧanāḥ,,,
تُرَابٌ,Staub/Erde,ت-ر-ب,340,turāb,,,
رَمْلٌ,Sand,ر-م-ل,341,raml,,,
غَارٌ,Höhle,غ-و-ر,342,ġār,,,
عَرِيضٌ,breit,ع-ر-ض,343,ʿarīḍ,,,
عَمِيقٌ,tief,ع-م-ق,344,ʿamīq,,,
خَشِنٌ,rau/grob,خ-ش-ن,345,ḫašin,,,
مُظْلِمٌ,dunkel,ظ-ل-م,346,muẓlim,,,
قَصِيرٌ,kurz,ق-ص-ر,347,qaṣīr,,,
يَابِسٌ,trocken,ي-ب-س,348,yābis,,,
رَطْبٌ,feucht/weich,ر-ط-ب,349,raṭb,,,
قَلِيلٌ,wenig,ق-ل-ل,350,qalīl,,,
حَجَّ,pilgern (zur Kaaba),ح-ج-ج,351,ḥajja,حَجّ,ḥajj,die Pilgerfahrt
صَامَ,fasten,ص-و-م,352,ṣāma,صَوْم,ṣawm,das Fasten
صَلَّى,beten,ص-ل-و,353,ṣallā,صَلَاة,ṣalāh,das Gebet
زَكَا,wachsen/gesegnet sein,ز-ك-و,354,zakā,زَكَاء,zakāʾ,das Wachstum/der Segen
طَافَ,umkreisen/umrunden,ط-و-ف,355,ṭāfa,طَوَاف,ṭawāf,das Umrunden
سَجَدَ,sich niederwerfen,س-ج-د,356,saǧada,سُجُود,suǧūd,die Niederwerfung
حَمَى,schützen,ح-م-ي,357,ḥamā,حِمَايَة,ḥimāya,der Schutz
وَلِيَ,die Aufsicht haben/verwalten,و-ل-ي,358,waliya,وِلَايَة,wilāya,die Aufsicht/Herrschaft
مَسْجِدٌ,Moschee,س-ج-د,359,masǧid,,,
رُمْحٌ,Speer,ر-م-ح,360,rumḥ,,,
زَكَاةٌ,Almosensteuer,ز-ك-و,361,zakāh,,,
إِمَامٌ,Vorbild/Anführer,أ-م-م,362,imām,,,
خَلِيفَةٌ,Nachfolger/Kalif,خ-ل-ف,363,ḫalīfa,,,
جُنْدِيٌّ,Soldat,ج-ن-د,364,ǧundiyy,,,
سِلَاحٌ,Waffe,س-ل-ح,365,silāḥ,,,
تَاجٌ,Krone,ت-و-ج,366,tāǧ,,,
عَرْشٌ,Thron,ع-ر-ش,367,ʿarš,,,
قَصْرٌ,Palast,ق-ص-ر,368,qaṣr,,,
تِجَارَةٌ,Handel,ت-ج-ر,369,tiǧāra,,,
فِضَّةٌ,Silber,ف-ض-ض,370,fiḍḍa,,,
جَوْهَرٌ,Juwel/Edelstein,ج-ه-ر,371,ǧawhar,,,
قُدْسٌ,Heiligkeit,ق-د-س,372,quds,,,
حَلِيمٌ,nachsichtig/langmütig,ح-ل-م,373,ḥalīm,,,
رَحِيمٌ,barmherzig,ر-ح-م,374,raḥīm,,,
غَفُورٌ,sehr vergebend,غ-ف-ر,375,ġafūr,,,
صَابِرٌ,geduldig,ص-ب-ر,376,ṣābir,,,
شَاكِرٌ,dankbar,ش-ك-ر,377,šākir,,,
أَمِينٌ,vertrauenswürdig,أ-م-ن,378,amīn,,,
حَكِيمٌ,weise,ح-ك-م,379,ḥakīm,,,
عَلِيمٌ,allwissend,ع-ل-م,380,ʿalīm,,,
نَظَمَ,aufreihen/ordnen,ن-ظ-م,381,naẓama,نَظْم,naẓm,das Ordnen/Aufreihen
طَالَ,lang sein/werden,ط-و-ل,382,ṭāla,طُول,ṭūl,die Länge
ثَقُلَ,schwer sein/werden,ث-ق-ل,383,ṯaqula,ثِقَل,ṯiqal,die Schwere
خَفَّ,leicht sein/werden,خ-ف-ف,384,ḫaffa,خِفَّة,ḫiffa,die Leichtigkeit
حَلَا,süß sein/werden,ح-ل-و,385,ḥalā,حَلَاوَة,ḥalāwa,die Süße
سَاعَدَ,helfen/unterstützen,س-ع-د,386,sāʿada,مُسَاعَدَة,musāʿada,die Hilfe
تَعَلَّمَ,lernen,ع-ل-م,387,taʿallama,تَعَلُّم,taʿallum,das Lernen
تَذَكَّرَ,sich erinnern,ذ-ك-ر,388,taḏakkara,تَذَكُّر,taḏakkur,das Erinnern
أُذُنٌ,Ohr,أ-ذ-ن,389,uḏun,,,
عُنُقٌ,Hals,ع-ن-ق,390,ʿunuq,,,
ظَهْرٌ,Rücken,ظ-ه-ر,391,ẓahr,,,
بَطْنٌ,Bauch,ب-ط-ن,392,baṭn,,,
إِصْبَعٌ,Finger,ص-ب-ع,393,iṣbaʿ,,,
فَمٌ,Mund,ف-م-م,394,fam,,,
أَنْفٌ,Nase,أ-ن-ف,395,anf,,,
خَدٌّ,Wange,خ-د-د,396,ḫadd,,,
سَاقٌ,Bein/Schienbein,س-و-ق,397,sāq,,,
كَتِفٌ,Schulter,ك-ت-ف,398,katif,,,
زَوْجٌ,Ehemann/Ehepartner,ز-و-ج,399,zawǧ,,,
عَرُوسٌ,Braut/Bräutigam,ع-ر-س,400,ʿarūs,,,
جِلْدٌ,Haut,ج-ل-د,401,ǧild,,,
شَفَةٌ,Lippe,ش-ف-ه,402,šafa,,,
جَائِعٌ,hungrig,ج-و-ع,403,ǧāʾiʿ,,,
عَطْشَانُ,durstig,ع-ط-ش,404,ʿaṭšān,,,
مَرِيضٌ,krank,م-ر-ض,405,marīḍ,,,
سَلِيمٌ,unversehrt/gesund,س-ل-م,406,salīm,,,
تَعْبَانُ,müde,ت-ع-ب,407,taʿbān,,,
وَسِخٌ,schmutzig,و-س-خ,408,wasiḫ,,,
حَامِضٌ,sauer,ح-م-ض,409,ḥāmiḍ,,,
نَشِيطٌ,aktiv/lebhaft,ن-ش-ط,410,našīṭ,,,
رَبِحَ,gewinnen/Gewinn machen,ر-ب-ح,411,rabiḥa,رِبْح,ribḥ,der Gewinn
غَادَرَ,verlassen/abreisen,غ-د-ر,412,ġādara,مُغَادَرَة,muġādara,das Verlassen
حَذَّرَ,warnen,ح-ذ-ر,413,ḥaḏḏara,تَحْذِير,taḥḏīr,die Warnung
نَذَرَ,geloben,ن-ذ-ر,414,naḏara,نَذْر,naḏr,das Gelübde
سَتَرَ,verhüllen/verbergen,س-ت-ر,415,satara,سَتْر,satr,die Verhüllung
نَجَحَ,erfolgreich sein/gelingen,ن-ج-ح,416,naǧaḥa,إِنْجَاح,inǧāḥ,der Erfolg
فَشِلَ,scheitern/versagen,ف-ش-ل,417,fašila,فَشَل,fašal,das Scheitern
كَمَلَ,vollständig/vollkommen sein,ك-م-ل,418,kamala,كَمَال,kamāl,die Vollkommenheit
طَبِيبٌ,Arzt,ط-ب-ب,419,ṭabīb,,,
حِصَانٌ,Pferd,ح-ص-ن,420,ḥiṣān,,,
قَمِيصٌ,Hemd,ق-م-ص,421,qamīṣ,,,
كُوبٌ,Becher,ك-و-ب,422,kūb,,,
مَائِدَةٌ,Tisch,م-ي-د,423,māʾida,,,
صَحْنٌ,Teller,ص-ح-ن,424,ṣaḥn,,,
مِلْحٌ,Salz,م-ل-ح,425,milḥ,,,
زَيْتٌ,Öl,ز-ي-ت,426,zayt,,,
تُفَّاحٌ,Apfel,ت-ف-ح,427,tuffāḥ,,,
عِنَبٌ,Traube,ع-ن-ب,428,ʿinab,,,
تَمْرٌ,Dattel,ت-م-ر,429,tamr,,,
مُهَنْدِسٌ,Ingenieur,ه-ن-د-س,430,muhandis,,,
سُكَّرٌ,Zucker,س-ك-ر,431,sukkar,,,
قَلَمٌ,Stift/Feder,ق-ل-م,432,qalam,,,
سَرِيعٌ,schnell,س-ر-ع,433,sarīʿ,,,
رَخِيصٌ,billig,ر-خ-ص,434,raḫīṣ,,,
لَطِيفٌ,sanft/freundlich,ل-ط-ف,435,laṭīf,,,
عَجِيبٌ,erstaunlich/seltsam,ع-ج-ب,436,ʿaǧīb,,,
غَرِيبٌ,fremd/seltsam,غ-ر-ب,437,ġarīb,,,
جَدِيرٌ,würdig/geeignet,ج-د-ر,438,ǧadīr,,,
شَهِيرٌ,berühmt,ش-ه-ر,439,šahīr,,,
حَاضِرٌ,anwesend,ح-ض-ر,440,ḥāḍir,,,
قَفَزَ,springen,ق-ف-ز,441,qafaza,قَفْز,qafz,das Springen
زَحَفَ,kriechen,ز-ح-ف,442,zaḥafa,زَحْف,zaḥf,das Kriechen
صَرَخَ,schreien,ص-ر-خ,443,ṣaraḫa,صُرَاخ,ṣurāḫ,das Schreien
هَمَسَ,flüstern,ه-م-س,444,hamasa,هَمْس,hams,das Flüstern
رَقَصَ,tanzen,ر-ق-ص,445,raqaṣa,رَقْص,raqṣ,das Tanzen
غَنَّى,singen,غ-ن-ي,446,ġannā,تَغْنِيَة,taġniya,das Singen
كَنَسَ,fegen,ك-ن-س,447,kanasa,كَنْس,kans,das Fegen
طَرَقَ,klopfen,ط-ر-ق,448,ṭaraqa,طَرْق,ṭarq,das Klopfen
غَيْمٌ,Wolke,غ-ي-م,449,ġaym,,,
فَصْلٌ,Jahreszeit,ف-ص-ل,450,faṣl,,,
صَيْفٌ,Sommer,ص-ي-ف,451,ṣayf,,,
شِتَاءٌ,Winter,ش-ت-و,452,šitāʾ,,,
رَبِيعٌ,Frühling,ر-ب-ع,453,rabīʿ,,,
خَرِيفٌ,Herbst,خ-ر-ف,454,ḫarīf,,,
هِلَالٌ,Halbmond/Mondsichel,ه-ل-ل,455,hilāl,,,
غَابَةٌ,Wald,غ-ي-ب,456,ġāba,,,
صَخْرَةٌ,Fels,ص-خ-ر,457,ṣaḫra,,,
فَجْرٌ,Morgendämmerung,ف-ج-ر,458,faǧr,,,
ظُهْرٌ,Mittag,ظ-ه-ر,459,ẓuhr,,,
مَسَاءٌ,Abend,م-س-و,460,masāʾ,,,
ضَوْءٌ,Licht,ض-و-ء,461,ḍawʾ,,,
ظِلٌّ,Schatten,ظ-ل-ل,462,ẓill,,,
أَحْمَرُ,rot,ح-م-ر,463,aḥmar,,,
أَزْرَقُ,blau,ز-ر-ق,464,azraq,,,
أَصْفَرُ,gelb,ص-ف-ر,465,aṣfar,,,
أَخْضَرُ,grün,خ-ض-ر,466,aḫḍar,,,
أَسْوَدُ,schwarz,س-و-د,467,aswad,,,
أَبْيَضُ,weiß,ب-ي-ض,468,abyaḍ,,,
جَافٌّ,trocken,ج-ف-ف,469,ǧāff,,,
ثَقِيلٌ,schwer,ث-ق-ل,470,ṯaqīl,,,
اِخْتَارَ,wählen,خ-ي-ر,471,iḫtāra,اِخْتِيَار,iḫtiyār,die Wahl
اسْتَمَعَ,zuhören,س-م-ع,472,istamaʿa,اِسْتِمَاع,istimāʿ,das Zuhören
أَصْلَحَ,reparieren,ص-ل-ح,473,aṣlaḥa,إِصْلَاح,iṣlāḥ,die Reparatur
رَسَمَ,zeichnen,ر-س-م,474,rasama,رَسْم,rasm,die Zeichnung
اعْتَذَرَ,sich entschuldigen,ع-ذ-ر,475,iʿtaḏara,اِعْتِذَار,iʿtiḏār,die Entschuldigung
اِسْتَقْبَلَ,empfangen,ق-ب-ل,476,istaqbala,اِسْتِقْبَال,istiqbāl,der Empfang
هَدَمَ,abreißen/niederreißen,ه-د-م,477,hadama,هَدْم,hadm,der Abriss
نَحَتَ,schnitzen/behauen,ن-ح-ت,478,naḥata,نَحْت,naḥt,das Schnitzen
جَدٌّ,Großvater,ج-د-د,479,ǧadd,,,
جَدَّةٌ,Großmutter,ج-د-د,480,ǧadda,,,
حَفِيدٌ,Enkel(kind),ح-ف-د,481,ḥafīd,,,
أُخْتٌ,Schwester,أ-خ,482,uḫt,,,
عَمٌّ,Onkel (väterlicherseits),ع-م-م,483,ʿamm,,,
خَالٌ,Onkel (mütterlicherseits),خ-و-ل,484,ḫāl,,,
زَوْجَةٌ,Ehefrau,ز-و-ج,485,zawǧa,,,
صَدْرٌ,Brust,ص-د-ر,486,ṣadr,,,
رِجْلٌ,Bein/Fuß,ر-ج-ل,487,riǧl,,,
رَئِيسٌ,Chef/Anführer,ر-أ-س,488,raʾīs,,,
عَامِلٌ,Arbeiter,ع-م-ل,489,ʿāmil,,,
فَلَّاحٌ,Bauer,ف-ل-ح,490,fallāḥ,,,
ذَنَبٌ,Schwanz,ذ-ن-ب,491,ḏanab,,,
حِبْرٌ,Tinte,ح-ب-ر,492,ḥibr,,,
مَشْغُولٌ,beschäftigt,ش-غ-ل,493,mašġūl,,,
فَارِغٌ,leer/frei,ف-ر-غ,494,fāriġ,,,
عَالٍ,hoch,ع-ل-و,495,ʿāl,,,
مُنْخَفِضٌ,niedrig,خ-ف-ض,496,munḫafiḍ,,,
مُمْتَلِئٌ,voll,م-ل-أ,497,mumtaliʾ,,,
خَاصٌّ,speziell/privat,خ-ص-ص,498,ḫāṣṣ,,,
عَامٌّ,allgemein/öffentlich,ع-م-م,499,ʿāmm,,,
سَاكِنٌ,ruhig/still,س-ك-ن,500,sākin,,,
رَكِبَ,reiten / fahren / einsteigen,ر-ك-ب,501,rakiba,رُكُوب,rukūb,das Reiten
اِنْتَظَرَ,warten,ن-ظ-ر,502,intaẓara,اِنْتِظَار,intiẓār,das Warten
تَكَلَّمَ,sprechen / reden,ك-ل-م,503,takallama,كَلَام,kalām,das Sprechen
قَدِمَ,ankommen / eintreffen,ق-د-م,504,qadima,قُدُوم,qudūm,die Ankunft
دَفَعَ,bezahlen / vorantreiben,د-ف-ع,505,dafaʿa,دَفْع,dafʿ,das Bezahlen
حَضَرَ,anwesend sein / teilnehmen,ح-ض-ر,506,ḥaḍara,حُضُور,ḥuḍūr,die Anwesenheit
جَرَّبَ,ausprobieren / testen,ج-ر-ب,507,ǧarraba,تَجْرِيب,taǧrīb,das Ausprobieren
أَخْبَرَ,mitteilen,خ-ب-ر,508,ʾaḫbara,إِخْبَار,iḫbār,die Mitteilung
قَادَ,führen / lenken / fahren,ق-و-د,509,qāda,قِيَادَة,qiyāda,die Führung
اِسْتَأْجَرَ,mieten,أ-ج-ر,510,istaʾǧara,اِسْتِئْجَار,istiʾǧār,das Mieten
اِقْتَرَبَ,sich nähern,ق-ر-ب,511,iqtaraba,اِقْتِرَاب,iqtirāb,die Annäherung
غَابَ,abwesend sein,غ-ي-ب,512,ġāba,غَيْبَة,ġayba,die Abwesenheit
اِكْتَشَفَ,entdecken,ك-ش-ف,513,iktašafa,اِكْتِشَاف,iktišāf,die Entdeckung
رَسَبَ,durchfallen (Prüfung),ر-س-ب,514,rasaba,رُسُوب,rusūb,das Durchfallen
أَمْضَى,(Zeit) verbringen,م-ض-ي,515,ʾamḍā,إِمْضَاء,imḍāʾ,das Verbringen
بَلَدٌ,Land,ب-ل-د,516,balad,,,
قَرْيَةٌ,Dorf,ق-ر-ي,517,qarya,,,
لُغَةٌ,Sprache,ل-غ-و,518,luġa,,,
سُؤَالٌ,Frage,س-أ-ل,519,suʾāl,,,
جَوَابٌ,Antwort,ج-و-ب,520,ǧawāb,,,
خَبَرٌ,Nachricht,خ-ب-ر,521,ḫabar,,,
مَوْعِدٌ,Termin,و-ع-د,522,mawʿid,,,
أُسْرَةٌ,Familie,أ-س-ر,523,usra,,,
اِبْنٌ,Sohn,ب-ن-و,524,ibn,,,
بِنْتٌ,Tochter / Mädchen,ب-ن-ي,525,bint,,,
لَوْنٌ,Farbe,ل-و-ن,526,lawn,,,
شَارِعٌ,(Haupt-)Straße,ش-ر-ع,527,šāriʿ,,,
فُنْدُقٌ,Hotel / Herberge,ف-ن-د-ق,528,funduq,,,
مَطْبَخٌ,Küche,ط-ب-خ,529,maṭbaḫ,,,
حَمَّامٌ,Badezimmer / Bad,ح-م-م,530,ḥammām,,,
مَكْتَبٌ,Büro / Schreibtisch,ك-ت-ب,531,maktab,,,
سَفِينَةٌ,Schiff,س-ف-ن,532,safīna,,,
قَارِبٌ,Boot,ق-ر-ب,533,qārib,,,
جَمَلٌ,Kamel,ج-م-ل,534,ǧamal,,,
بَقَرَةٌ,Kuh,ب-ق-ر,535,baqara,,,
أَسَدٌ,Löwe,أ-س-د,536,ʾasad,,,
دَوَاءٌ,Medizin / Medikament,د-و-ي,537,dawāʾ,,,
أَمَلٌ,Hoffnung,أ-م-ل,538,ʾamal,,,
رِسَالَةٌ,Brief / Nachricht,ر-س-ل,539,risāla,,,
عُنْوَانٌ,Adresse / Titel,ع-ن-و,540,ʿunwān,,,
هَدِيَّةٌ,Geschenk,ه-د-ي,541,hadiyya,,,
تَذْكِرَةٌ,Fahrkarte / Eintrittskarte,ذ-ك-ر,542,taḏkira,,,
جَرِيدَةٌ,Zeitung,ج-ر-د,543,ǧarīda,,,
سَلَامٌ,Friede / Gruß,س-ل-م,544,salām,,,
أَلْفٌ,tausend,أ-ل-ف,545,ʾalf,,,
صَادِقٌ,ehrlich / wahrhaftig,ص-د-ق,546,ṣādiq,,,
طَيِّبٌ,gut / angenehm,ط-ي-ب,547,ṭayyib,,,
خَفِيفٌ,leicht (Gewicht),خ-ف-ف,548,ḫafīf,,,
قَبِيحٌ,hässlich,ق-ب-ح,549,qabīḥ,,,
حُلْوٌ,süß,ح-ل-و,550,ḥulw,,,
وَاحِدٌ,eins,و-ح-د,551,wāḥid,,,
اِثْنَانِ,zwei,ث-ن-ي,552,iṯnāni,,,
ثَلَاثَةٌ,drei,ث-ل-ث,553,ṯalāṯa,,,
أَرْبَعَةٌ,vier,ر-ب-ع,554,ʾarbaʿa,,,
خَمْسَةٌ,fünf,خ-م-س,555,ḫamsa,,,
سِتَّةٌ,sechs,س-د-س,556,sitta,,,
سَبْعَةٌ,sieben,س-ب-ع,557,sabʿa,,,
ثَمَانِيَةٌ,acht,ث-م-ن,558,ṯamāniya,,,
تِسْعَةٌ,neun,ت-س-ع,559,tisʿa,,,
عَشَرَةٌ,zehn,ع-ش-ر,560,ʿašara,,,
مِئَةٌ,hundert,م-ئ-ي,561,miʾa,,,
سَكَتَ,schweigen,س-ك-ت,562,sakata,سُكُوت,sukūt,das Schweigen
اِسْتَعْمَلَ,benutzen / verwenden,ع-م-ل,563,istaʿmala,اِسْتِعْمَال,istiʿmāl,die Benutzung
اِتَّصَلَ,anrufen / Kontakt aufnehmen,و-ص-ل,564,ittaṣala,اِتِّصَال,ittiṣāl,der Kontakt
اِشْتَغَلَ,arbeiten,ش-غ-ل,565,ištagala,اِشْتِغَال,ištiġāl,die Arbeit
صَارَ,werden (zu etwas),ص-ي-ر,566,ṣāra,صَيْرُورَة,ṣayrūra,das Werden
نَقَلَ,transportieren / übertragen,ن-ق-ل,567,naqala,نَقْل,naql,das Transportieren
عَدَّ,zählen,ع-د-د,568,ʿadda,عَدّ,ʿadd,das Zählen
بَدَّلَ,wechseln / tauschen,ب-د-ل,569,baddala,تَبْدِيل,tabdīl,der Tausch
قَاسَ,messen,ق-ي-س,570,qāsa,قِيَاس,qiyās,das Messen
اِنْطَلَقَ,losgehen / starten,ط-ل-ق,571,inṭalaqa,اِنْطِلَاق,inṭilāq,der Start
اِشْتَكَى,sich beschweren,ش-ك-و,572,ištakā,اِشْتِكَاء,ištikāʾ,die Beschwerde
اِجْتَازَ,überqueren / bestehen,ج-و-ز,573,iǧtāza,اِجْتِيَاز,iǧtiyāz,das Bestehen
اِسْتَمَرَّ,andauern / fortfahren,م-ر-ر,574,istamarra,اِسْتِمْرَار,istimrār,die Fortdauer
أَنْفَقَ,ausgeben (Geld),ن-ف-ق,575,ʾanfaqa,إِنْفَاق,infāq,das Ausgeben
اِخْتَبَرَ,testen / erproben,خ-ب-ر,576,iḫtabara,اِخْتِبَار,iḫtibār,der Test
مَنْزِلٌ,Wohnhaus,ن-ز-ل,577,manzil,,,
سَاحَةٌ,Platz / Hof,س-و-ح,578,sāḥa,,,
شَرَابٌ,Getränk,ش-ر-ب,579,šarāb,,,
بَيْضٌ,Ei,ب-ي-ض,580,bayḍ,,,
لَبَنٌ,Milch,ل-ب-ن,581,laban,,,
جُبْنٌ,Käse,ج-ب-ن,582,ǧubn,,,
ثَوْبٌ,Kleidungsstück,ث-و-ب,583,ṯawb,,,
جَسَدٌ,Körper,ج-س-د,584,ǧasad,,,
قَدَمٌ,Fuß,ق-د-م,585,qadam,,,
رُكْبَةٌ,Knie,ر-ك-ب,586,rukba,,,
سِنٌّ,Zahn,س-ن-ن,587,sinn,,,
مَرَضٌ,Krankheit,م-ر-ض,588,maraḍ,,,
صِحَّةٌ,Gesundheit,ص-ح-ح,589,ṣiḥḥa,,,
عِلَاجٌ,Behandlung / Therapie,ع-ل-ج,590,ʿilāǧ,,,
صَبَاحٌ,Morgen,ص-ب-ح,591,ṣabāḥ,,,
عَصْرٌ,Nachmittag / Epoche,ع-ص-ر,592,ʿaṣr,,,
غَدًا,morgen (adv.),غ-د-و,593,ġadan,,,
أُسْبُوعٌ,Woche,س-ب-ع,594,usbūʿ,,,
دَقِيقَةٌ,Minute,د-ق-ق,595,daqīqa,,,
لَحْظَةٌ,Moment,ل-ح-ظ,596,laḥẓa,,,
نِهَايَةٌ,Ende,ن-ه-ي,597,nihāya,,,
بِدَايَةٌ,Anfang,ب-د-أ,598,bidāya,,,
مَرَّةٌ,Mal / einmal (adv.),م-ر-ر,599,marra,,,
مَطَارٌ,Flughafen,ط-ي-ر,600,maṭār,,,
قِطَارٌ,Zug,ق-ط-ر,601,qiṭār,,,
سَيَّارَةٌ,Auto,س-ي-ر,602,sayyāra,,,
مَرْكَبٌ,Fahrzeug / Boot,ر-ك-ب,603,markab,,,
أَمْتِعَةٌ,Gepäck,م-ت-ع,604,amtiʿa,,,
حَقِيبَةٌ,Tasche / Koffer,ح-ق-ب,605,ḥaqība,,,
جَارٌ,Nachbar,ج-و-ر,606,ǧār,,,
ضَيْفٌ,Gast,ض-ي-ف,607,ḍayf,,,
شِهَادَةٌ,Zeugnis / Diplom,ش-ه-د,608,šahāda,,,
مَكْتَبَةٌ,Bibliothek,ك-ت-ب,609,maktaba,,,
وَاجِبٌ,Hausaufgabe / Pflicht,و-ج-ب,610,wāǧib,,,
مَعْنًى,Bedeutung,ع-ن-و,611,maʿnā,,,
تَرْجَمَةٌ,Übersetzung,ت-ر-ج-م,612,tarǧama,,,
رَاحَةٌ,Ruhe,ر-و-ح,613,rāḥa,,,
سَعَادَةٌ,Glück,س-ع-د,614,saʿāda,,,
تَعَبٌ,Müdigkeit / Anstrengung,ت-ع-ب,615,taʿab,,,
فِكْرَةٌ,Idee,ف-ك-ر,616,fikra,,,
هَدَفٌ,Ziel / Zielscheibe,ه-د-ف,617,hadaf,,,
مَصْنَعٌ,Fabrik,ص-ن-ع,618,maṣnaʿ,,,
مَزْرَعَةٌ,Bauernhof,ز-ر-ع,619,mazraʿa,,,
مُعَلِّمٌ,Lehrer,ع-ل-م,620,muʿallim,,,
كَاتِبٌ,Schreiber / Schriftsteller,ك-ت-ب,621,kātib,,,
ذِئْبٌ,Wolf,ذ-ئ-ب,622,ḏiʾb,,,
فِيلٌ,Elefant,ف-ي-ل,623,fīl,,,
غَنَمٌ,Schafe,غ-ن-م,624,ġanam,,,
دَجَاجَةٌ,Huhn,د-ج-ج,625,daǧāǧa,,,
حِمَارٌ,Esel,ح-م-ر,626,ḥimār,,,
سَمَكٌ,Fisch,س-م-ك,627,samak,,,
بُحَيْرَةٌ,See,ب-ح-ر,628,buḥayra,,,
هَادِئٌ,ruhig,ه-د-أ,629,hādiʾ,,,
جَاهِزٌ,bereit,ج-ه-ز,630,ǧāhiz,,,
مَشْهُورٌ,bekannt / berühmt,ش-ه-ر,631,mašhūr,,,
لَيِّنٌ,weich,ل-ي-ن,632,layyin,,,
قَاسٍ,hart / streng,ق-س-و,633,qāsin,,,
أَيْضًا,auch (adv.),أ-ي-ض,634,ayḍan,,,
مَعًا,zusammen (adv.),م-ع,635,maʿan,,,
حَكَى,erzählen,ح-ك-ي,636,ḥakā,حِكَايَة,ḥikāya,die Erzählung
صَاحَ,schreien / rufen,ص-ي-ح,637,ṣāḥa,صِيَاح,ṣiyāḥ,das Schreien
اِشْتَرَكَ,teilnehmen,ش-ر-ك,638,ištaraka,اِشْتِرَاك,ištirāk,die Teilnahme
قَسَّمَ,einteilen / verteilen,ق-س-م,639,qassama,تَقْسِيم,taqsīm,die Einteilung
حَسَّنَ,verbessern,ح-س-ن,640,ḥassana,تَحْسِين,taḥsīn,die Verbesserung
اِفْتَتَحَ,eröffnen,ف-ت-ح,641,iftataḥa,اِفْتِتَاح,iftitāḥ,die Eröffnung
تَقَدَّمَ,vorankommen / vortreten,ق-د-م,642,taqaddama,تَقَدُّم,taqaddum,der Fortschritt
تَأَخَّرَ,sich verspäten / zurückbleiben,أ-خ-ر,643,taʾaḫḫara,تَأَخُّر,taʾaḫḫur,die Verspätung
اِهْتَمَّ,sich kümmern / interessieren,ه-م-م,644,ihtamma,اِهْتِمَام,ihtimām,das Interesse
مَنَحَ,verleihen / gewähren,م-ن-ح,645,manaḥa,مَنْح,manḥ,die Gewährung
أَخْطَأَ,einen Fehler machen,خ-ط-أ,646,ʾaḫṭaʾa,خَطَأ,ḫaṭaʾ,der Fehler
طَابَ,gut / angenehm sein / schmecken,ط-ي-ب,647,ṭāba,طِيب,ṭīb,das Gutsein
سَاءَ,schlecht sein,س-و-أ,648,sāʾa,سُوء,sūʾ,das Schlechtsein
اِسْتَقَرَّ,sich niederlassen / bleiben,ق-ر-ر,649,istaqarra,اِسْتِقْرَار,istiqrār,die Ansiedlung
اِنْتَقَلَ,umziehen / übergehen,ن-ق-ل,650,intaqala,اِنْتِقَال,intiqāl,der Umzug
مَكَانٌ,Ort / Platz,م-ك-ن,651,makān,,,
مَوْضُوعٌ,Thema / Gegenstand,و-ض-ع,652,mawḍūʿ,,,
مَطْعَمٌ,Restaurant,ط-ع-م,653,maṭʿam,,,
قَهْوَةٌ,Kaffee,ق-ه-ي,654,qahwa,,,
وَسَادَةٌ,Kissen,و-س-د,655,wasāda,,,
حِذَاءٌ,Schuh,ح-ذ-و,656,ḥiḏāʾ,,,
لِحْيَةٌ,Bart,ل-ح-ي,657,liḥya,,,
فَخِذٌ,Oberschenkel,ف-خ-ذ,658,faḫiḏ,,,
ضِلْعٌ,Rippe,ض-ل-ع,659,ḍilʿ,,,
كَلْبٌ,Hund,ك-ل-ب,660,kalb,,,
قِطٌّ,Katze,ق-ط-ط,661,qiṭṭ,,,
غُرَابٌ,Rabe,غ-ر-ب,662,ġurāb,,,
دِيكٌ,Hahn,د-ي-ك,663,dīk,,,
أَرْنَبٌ,Hase / Kaninchen,أ-ر-ن-ب,664,ʾarnab,,,
ثَعْلَبٌ,Fuchs,ث-ع-ل-ب,665,ṯaʿlab,,,
نَحْلَةٌ,Biene,ن-ح-ل,666,naḥla,,,
قِرْدٌ,Affe,ق-ر-د,667,qird,,,
غَزَالٌ,Gazelle,غ-ز-ل,668,ġazāl,,,
عُصْفُورٌ,Spatz,ع-ص-ف-ر,669,ʿuṣfūr,,,
شَاطِئٌ,Strand,ش-ط-أ,670,šāṭiʾ,,,
سَاحِلٌ,Küste,س-ح-ل,671,sāḥil,,,
خَلِيجٌ,Meerbusen / Golf,خ-ل-ج,672,ḫalīǧ,,,
مُحِيطٌ,Ozean,ح-ي-ط,673,muḥīṭ,,,
ضَبَابٌ,Nebel,ض-ب-ب,674,ḍabāb,,,
عَاصِفَةٌ,Sturm,ع-ص-ف,675,ʿāṣifa,,,
نَسِيمٌ,Brise,ن-س-م,676,nasīm,,,
سَطْحٌ,Dach / Fläche,س-ط-ح,677,saṭḥ,,,
هَوَاءٌ,Luft,ه-و-ي,678,hawāʾ,,,
زُجَاجٌ,Glas (Material),ز-ج-ج,679,zuǧāǧ,,,
حَدِيدٌ,Eisen,ح-د-د,680,ḥadīd,,,
خَشَبٌ,Holz,خ-ش-ب,681,ḫašab,,,
سِلْسِلَةٌ,Kette,س-ل-س-ل,682,silsila,,,
سُورٌ,(Stadt-)Mauer,س-و-ر,683,sūr,,,
قُفْلٌ,Schloss (an Tür),ق-ف-ل,684,qufl,,,
صَفٌّ,Klasse / Reihe,ص-ف-ف,685,ṣaff,,,
تِلْمِيذٌ,Schüler,ت-ل-م-ذ,686,tilmīḏ,,,
اِمْتِحَانٌ,Prüfung,م-ح-ن,687,imtiḥān,,,
نَتِيجَةٌ,Ergebnis,ن-ت-ج,688,natīǧa,,,
مَادَّةٌ,Fach / Stoff / Materie,م-د-د,689,mādda,,,
صُورَةٌ,Bild,ص-و-ر,690,ṣūra,,,
مَوْقِفٌ,Haltestelle / Parkplatz,و-ق-ف,691,mawqif,,,
بُرْجٌ,Turm,ب-ر-ج,692,burǧ,,,
مُحَطَّةٌ,Bahnhof / Station,ح-ط-ط,693,muḥaṭṭa,,,
مَيْدَانٌ,Platz (Stadt),م-ي-د,694,maydān,,,
شَجَاعَةٌ,Mut / Tapferkeit,ش-ج-ع,695,šuǧāʿa,,,
حُرِّيَّةٌ,Freiheit,ح-ر-ر,696,ḥurriyya,,,
جَرِيمَةٌ,Verbrechen,ج-ر-م,697,ǧarīma,,,
حَقِيقَةٌ,Wahrheit / Tatsache,ح-ق-ق,698,ḥaqīqa,,,
مِهْنَةٌ,Beruf / Handwerk,م-ه-ن,699,mihna,,,
حَسَنٌ,gut / schön,ح-س-ن,700,ḥasan,,,
سَيِّئٌ,schlecht,س-و-أ,701,sayyiʾ,,,
مُرْتَاحٌ,ausgeruht / zufrieden,ر-و-ح,702,murtaḥ,,,
مُتْعَبٌ,müde / erschöpft,ت-ع-ب,703,mutʿab,,,
صَالِحٌ,rechtschaffen / tauglich,ص-ل-ح,704,ṣāliḥ,,,
كَامِلٌ,vollständig / perfekt,ك-م-ل,705,kāmil,,,
وَسِيمٌ,gutaussehend,و-س-م,706,wasīm,,,
صَرِيحٌ,deutlich / offen,ص-ر-ح,707,ṣarīḥ,,,
ضَخْمٌ,riesig / gewaltig,ض-خ-م,708,ḍaḫm,,,
حَاذِقٌ,geschickt / tüchtig,ح-ذ-ق,709,ḥāḏiq,,,
وَصَفَ,beschreiben,و-ص-ف,710,waṣafa,وَصْف,waṣf,die Beschreibung
بَذَلَ,anstrengen (Mühe aufwenden),ب-ذ-ل,711,baḏala,بَذْل,baḏl,das Aufwenden
رَتَّبَ,ordnen / arrangieren,ر-ت-ب,712,rattaba,تَرْتِيب,tartīb,die Anordnung
خَلَعَ,ausziehen (Kleidung),خ-ل-ع,713,ḫalaʿa,خَلْع,ḫalʿ,das Ausziehen
اِرْتَدَى,tragen (Kleidung),ر-د-ي,714,irtadā,اِرْتِدَاء,irtidāʾ,das Tragen
وَقَّعَ,unterschreiben,و-ق-ع,715,waqqaʿa,تَوْقِيع,tawqīʿ,die Unterschrift
أَجَّلَ,verschieben / aufschieben,أ-ج-ل,716,ʾaǧǧala,تَأْجِيل,taʾǧīl,die Verschiebung
اِتَّفَقَ,vereinbaren / übereinstimmen,و-ف-ق,717,ittafaqa,اِتِّفَاق,ittifāq,die Vereinbarung
اِرْتَاحَ,sich ausruhen / erleichtert sein,ر-و-ح,718,irtāḥa,اِرْتِيَاح,irtiyāḥ,die Ruhe
اِنْتَبَهَ,aufmerksam sein / aufpassen,ن-ب-ه,719,intabaha,اِنْتِبَاه,intibāh,die Aufmerksamkeit
اِتَّجَهَ,sich wenden / Richtung gehen,و-ج-ه,720,ittaǧaha,اِتِّجَاه,ittiǧāh,die Richtung
اِكْتَسَبَ,erwerben / verdienen,ك-س-ب,721,iktasaba,اِكْتِسَاب,iktisāb,der Erwerb
اِحْتَرَمَ,respektieren / achten,ح-ر-م,722,iḥtarama,اِحْتِرَام,iḥtirām,der Respekt
اِسْتَأْنَفَ,wieder aufnehmen,أ-ن-ف,723,istaʾnafa,اِسْتِئْنَاف,istiʾnāf,die Wiederaufnahme
بَرِيدٌ,Post / Postwesen,ب-ر-د,724,barīd,,,
عَاصِمَةٌ,Hauptstadt,ع-ص-م,725,ʿāṣima,,,
عَالَمٌ,Welt,ع-ل-م,726,ʿālam,,,
كَوْكَبٌ,Planet / Himmelskörper,ك-و-ك-ب,727,kawkab,,,
قَلْعَةٌ,Burg / Festung,ق-ل-ع,728,qalʿa,,,
وِعَاءٌ,Behälter / Gefäß,و-ع-ي,729,wiʿāʾ,,,
مِلْعَقَةٌ,Löffel,ل-ع-ق,730,milʿaqa,,,
إِنَاءٌ,Gefäß,أ-ن-ي,731,ināʾ,,,
حَقْلٌ,Feld / Acker,ح-ق-ل,732,ḥaql,,,
سُلْطَانٌ,Herrscher / Sultan,س-ل-ط,733,sulṭān,,,
وَزِيرٌ,Minister,و-ز-ر,734,wazīr,,,
قَاضِي,Richter,ق-ض-ي,735,qāḍī,,,
مَحْكَمَةٌ,Gericht,ح-ك-م,736,maḥkama,,,
قَانُونٌ,Gesetz,ق-ن-ن,737,qānūn,,,
عُقُوبَةٌ,Strafe,ع-ق-ب,738,ʿuqūba,,,
سِجْنٌ,Gefängnis,س-ج-ن,739,siǧn,,,
حَدٌّ,Grenze,ح-د-د,740,ḥadd,,,
تَارِيخٌ,Geschichte / Datum,أ-ر-خ,741,tārīḫ,,,
حَادِثَةٌ,Ereignis / Unfall,ح-د-ث,742,ḥādiṯa,,,
سَبَبٌ,Grund / Ursache,س-ب-ب,743,sabab,,,
شَرْطٌ,Bedingung,ش-ر-ط,744,šarṭ,,,
فَائِدَةٌ,Nutzen / Vorteil,ف-ي-د,745,fāʾida,,,
ضَرَرٌ,Schaden,ض-ر-ر,746,ḍarar,,,
ثَمَنٌ,Preis,ث-م-ن,747,ṯaman,,,
رَقَبَةٌ,Nacken,ر-ق-ب,748,raqaba,,,
وَاسِطٌ,Mitte / Mittelpunkt,و-س-ط,749,wāsiṭ,,,
شِدَّةٌ,Heftigkeit / Stärke,ش-د-د,750,šidda,,,
ثَوْرَةٌ,Revolution / Aufstand,ث-و-ر,751,ṯawra,,,
مُجْتَمَعٌ,Gesellschaft,ج-م-ع,752,muǧtamaʿ,,,
دَوْلَةٌ,Staat,د-و-ل,753,dawla,,,
حُكُومَةٌ,Regierung,ح-ك-م,754,ḥukūma,,,
رِحْلَةٌ,Reise,ر-ح-ل,755,riḥla,,,
سَفَرٌ,Reise,س-ف-ر,756,safar,,,
رُفْقَةٌ,Reisegruppe / Gefährten,ر-ف-ق,757,rufqa,,,
زِيَارَةٌ,Besuch,ز-و-ر,758,ziyāra,,,
بِلَادٌ,Länder / Land (Pl.),ب-ل-د,759,bilād,,,
أُمَّةٌ,Nation / Gemeinde,أ-م-م,760,umma,,,
شَعْبٌ,Volk,ش-ع-ب,761,šaʿb,,,
جَمَاعَةٌ,Gruppe / Gemeinschaft,ج-م-ع,762,ǧamāʿa,,,
مَرْكَزٌ,Zentrum / Mittelpunkt,ر-ك-ز,763,markaz,,,
مُنَاسَبَةٌ,Gelegenheit / Anlass,ن-س-ب,764,munāsaba,,,
مُذَاكَرَةٌ,Besprechung / Memo,ذ-ك-ر,765,muḏākara,,,
مُبَارَاةٌ,Wettkampf / Spiel,ب-ر-ي,766,mubārāh,,,
سِيَاحَةٌ,Tourismus,س-ي-ح,767,siyāḥa,,,
سَيَّاحٌ,Tourist,س-ي-ح,768,sayyāḥ,,,
إِنْسَانٌ,Mensch,أ-ن-س,769,insān,,,
نَاسٌ,Leute,ن-و-س,770,nās,,,
جِيلٌ,Generation,ج-ي-ل,771,ǧīl,,,
فَلْسَفَةٌ,Philosophie,ف-ل-س-ف,772,falsafa,,,
عَادَةٌ,Gewohnheit / Brauch,ع-و-د,773,ʿāda,,,
صِنَاعَةٌ,Industrie / Handwerk,ص-ن-ع,774,ṣināʿa,,,
زِرَاعَةٌ,Landwirtschaft,ز-ر-ع,775,zirāʿa,,,
لَوْزٌ,Mandel,ل-و-ز,776,lawz,,,
قَرْنٌ,Jahrhundert,ق-ر-ن,777,qarn,,,
عَشِيرَةٌ,Sippe / Stamm,ع-ش-ر,778,ʿašīra,,,
حَافَةٌ,Rand / Kante,ح-ف-ف,779,ḥāffa,,,
خِيَارٌ,Gurke,خ-ي-ر,780,ḫiyār,,,
خُضَارٌ,Gemüse,خ-ض-ر,781,ḫuḍār,,,
فَاكِهَةٌ,Obst,ف-ك-ه,782,fākiha,,,
حَلْوَى,Süßigkeit / Nachtisch,ح-ل-و,783,ḥalwā,,,
مَرَقٌ,Brühe / Suppe,م-ر-ق,784,maraq,,,
بَصَلٌ,Zwiebel,ب-ص-ل,785,baṣal,,,
ثُومٌ,Knoblauch,ث-و-م,786,ṯūm,,,
لَحَّامٌ,Metzger,ل-ح-م,787,laḥḥām,,,
خَبَّازٌ,Bäcker,خ-ب-ز,788,ḫabbāz,,,
نَجَّارٌ,Zimmermann,ن-ج-ر,789,naǧǧār,,,
حَدَّادٌ,Schmied,ح-د-د,790,ḥaddād,,,
خَيَّاطٌ,Schneider,خ-ي-ط,791,ḫayyāṭ,,,
صَيَّادٌ,Jäger,ص-ي-د,792,ṣayyād,,,
بِنَّاءٌ,Baumeister / Maurer,ب-ن-ي,793,binnāʾ,,,
سَمَّاكٌ,Fischhändler,س-م-ك,794,sammāk,,,
وَاسِعٌ,weit / breit,و-س-ع,795,wāsiʿ,,,
ضَيِّقٌ,eng / schmal,ض-ي-ق,796,ḍayyiq,,,
مُسْتَعِدٌّ,bereit / vorbereitet,ع-د-د,797,mustaʿidd,,,
شَخْصِيٌّ,persönlich,ش-خ-ص,798,šaḫṣiyy,,,
سَيِّدٌ,Herr / Gebieter,س-و-د,799,sayyid,,,
أَصْلِيٌّ,original / echt,أ-ص-ل,800,aṣliyy,,,
وَاثِقٌ,zuversichtlich,و-ث-ق,801,wāṯiq,,,
مُهَذَّبٌ,höflich / wohlerzogen,ه-ذ-ب,802,muhaḏḏab,,,
نَقِيٌّ,rein / sauber,ن-ق-ي,803,naqiyy,,,
صَافٍ,klar / rein,ص-ف-و,804,ṣāfin,,,
حُرٌّ,frei,ح-ر-ر,805,ḥurr,,,
أَحَبَّ,lieben,ح-ب-ب,806,ʾaḥabba,حُبّ,ḥubb,die Liebe
اِزْدَادَ,zunehmen,ز-ي-د,807,izdāda,اِزْدِيَاد,izdiyād,die Zunahme
اِخْتَفَى,verschwinden,خ-ف-ي,808,iḫtafā,اِخْتِفَاء,iḫtifāʾ,das Verschwinden
اِسْتَعْجَلَ,sich beeilen,ع-ج-ل,809,istaʿǧala,اِسْتِعْجَال,istiʿǧāl,die Eile
رَكَضَ,rennen,ر-ك-ض,810,rakaḍa,رَكْض,rakḍ,das Rennen
سَارَ,gehen / reisen (fortbewegen),س-ي-ر,811,sāra,سَيْر,sayr,das Gehen
أَصْبَحَ,(am Morgen) werden,ص-ب-ح,812,ʾaṣbaḥa,إِصْبَاح,iṣbāḥ,das Morgenwerden
أَقَامَ,wohnen / sich aufhalten,ق-و-م,813,ʾaqāma,إِقَامَة,iqāma,der Aufenthalt
نَاوَلَ,(hin)reichen / geben,ن-و-ل,814,nāwala,مُنَاوَلَة,munāwala,das Überreichen
تَسَلَّمَ,empfangen / erhalten,س-ل-م,815,tasallama,تَسَلُّم,tasallum,der Empfang
اِسْتَخْدَمَ,benutzen / verwenden,خ-د-م,816,istaḫdama,اِسْتِخْدَام,istiḫdām,die Benutzung
خَدَمَ,dienen,خ-د-م,817,ḫadama,خِدْمَة,ḫidma,der Dienst
نَصَحَ,beraten / raten,ن-ص-ح,818,naṣaḥa,نَصِيحَة,naṣīḥa,der Rat
أَظْهَرَ,zeigen / sichtbar machen,ظ-ه-ر,819,ʾaẓhara,إِظْهَار,iẓhār,das Zeigen
وَزَّعَ,verteilen,و-ز-ع,820,wazzaʿa,تَوْزِيع,tawzīʿ,die Verteilung
أَمْسَى,(abends) werden,م-س-ي,821,ʾamsā,إِمْسَاء,imsāʾ,das Abendwerden
أَمْسِ,gestern,أ-م-س,822,ʾamsi,,,
ثَانِيَةٌ,Sekunde,ث-ن-ي,823,ṯāniya,,,
مُسْتَقْبَلٌ,Zukunft,ق-ب-ل,824,mustaqbal,,,
مَاضٍ,Vergangenheit,م-ض-ي,825,māḍin,,,
حَالٌ,Zustand / Lage,ح-و-ل,826,ḥāl,,,
زَمَنٌ,Zeit(raum),ز-م-ن,827,zaman,,,
حُزْنٌ,Trauer,ح-ز-ن,828,ḥuzn,,,
قَلَقٌ,Unruhe / Sorge,ق-ل-ق,829,qalaq,,,
هَمٌّ,Sorge / Kummer,ه-م-م,830,hamm,,,
يَأْسٌ,Verzweiflung,ي-أ-س,831,yaʾs,,,
زِينَةٌ,Schmuck / Dekoration,ز-ي-ن,832,zīna,,,
نُقُودٌ,Geld (Pl.),ن-ق-د,833,nuqūd,,,
نَقْدٌ,Bargeld / Kasse,ن-ق-د,834,naqd,,,
حِسَابٌ,Rechenaufgabe / Konto,ح-س-ب,835,ḥisāb,,,
مَصْرِفٌ,Bank (Institution),ص-ر-ف,836,maṣrif,,,
دَفْتَرٌ,Heft / Notizbuch,د-ف-ت-ر,837,daftar,,,
خِزَانَةٌ,Schrank,خ-ز-ن,838,ḫizāna,,,
دُرْجٌ,Schublade,د-ر-ج,839,durǧ,,,
سَجَّادَةٌ,Teppich (Gebetsteppich),س-ج-د,840,saǧǧāda,,,
سِتَارَةٌ,Vorhang,س-ت-ر,841,sitāra,,,
كَأْسٌ,Glas / Becher,ك-أ-س,842,kaʾs,,,
زُجَاجَةٌ,Flasche,ز-ج-ج,843,zuǧāǧa,,,
صُنْدُوقٌ,Kiste / Kasten,ص-ن-د-ق,844,ṣundūq,,,
سَلَّةٌ,Korb,س-ل-ل,845,salla,,,
كِيسٌ,Beutel / Tüte,ك-ي-س,846,kīs,,,
قِنِّينَةٌ,Flasche / Phiole,ق-ن-ن,847,qinnīna,,,
مِعْطَفٌ,Mantel,ع-ط-ف,848,miʿṭaf,,,
سِرْوَالٌ,Hose,س-ر-و-ل,849,sirwāl,,,
جَوْرَبٌ,Socke,ج-و-ر-ب,850,ǧawrab,,,
قُبَّعَةٌ,Hut / Mütze,ق-ب-ع,851,qubbaʿa,,,
مِظَلَّةٌ,Regenschirm,ظ-ل-ل,852,miẓalla,,,
كَبِدٌ,Leber,ك-ب-د,853,kabid,,,
كُلْيَةٌ,Niere,ك-ل-ي,854,kulya,,,
عَضَلَةٌ,Muskel,ع-ض-ل,855,ʿaḍala,,,
سُرَّةٌ,Nabel,س-ر-ر,856,surra,,,
حَلْقٌ,Kehle / Rachen,ح-ل-ق,857,ḥalq,,,
ذَقَنٌ,Kinn,ذ-ق-ن,858,ḏaqan,,,
حَاجِبٌ,Augenbraue,ح-ج-ب,859,ḥāǧib,,,
مِنْدِيلٌ,Taschentuch / Tuch,م-ن-د-ل,860,mindīl,,,
فَرَسٌ,Pferd (Stute),ف-ر-س,861,faras,,,
نَاقَةٌ,Kamelstute,ن-و-ق,862,nāqa,,,
ثَوْرٌ,Stier / Ochse,ث-و-ر,863,ṯawr,,,
عِجْلٌ,Kalb,ع-ج-ل,864,ʿiǧl,,,
نَعْجَةٌ,Schaf (weibl.),ن-ع-ج,865,naʿǧa,,,
بَطٌّ,Ente,ب-ط-ط,866,baṭṭ,,,
نَعَامٌ,Strauß,ن-ع-م,867,naʿām,,,
صَقْرٌ,Falke,ص-ق-ر,868,ṣaqr,,,
نَسْرٌ,Adler,ن-س-ر,869,nasr,,,
عَقْرَبٌ,Skorpion,ع-ق-ر-ب,870,ʿaqrab,,,
سُلَحْفَاةٌ,Schildkröte,س-ل-ح-ف,871,sulaḥfāh,,,
ذُبَابَةٌ,Fliege (Insekt),ذ-ب-ب,872,ḏubāba,,,
زَهْرَةٌ,Blume,ز-ه-ر,873,zahra,,,
وَرْدَةٌ,Rose,و-ر-د,874,warda,,,
عُشْبٌ,Gras,ع-ش-ب,875,ʿušb,,,
شَرْقٌ,Osten,ش-ر-ق,876,šarq,,,
شَمَالٌ,Norden,ش-م-ل,877,šamāl,,,
جَنُوبٌ,Süden,ج-ن-ب,878,ǧanūb,,,
رَصِيفٌ,Bahnsteig / Gehsteig,ر-ص-ف,879,raṣīf,,,
مَتْجَرٌ,Geschäft / Laden,ت-ج-ر,880,matǧar,,,
دُكَّانٌ,Laden / Geschäft,د-ك-ن,881,dukkān,,,
مُمَرِّضٌ,Krankenpfleger,م-ر-ض,882,mumarriḍ,,,
صَحَفِيٌّ,Journalist,ص-ح-ف,883,ṣaḥafiyy,,,
سَائِقٌ,Fahrer,س-و-ق,884,sāʾiq,,,
ضَابِطٌ,Offizier,ض-ب-ط,885,ḍābiṭ,,,
شُرْطِيٌّ,Polizist,ش-ر-ط,886,šurṭiyy,,,
مُحَامٍ,Anwalt,ح-م-ي,887,muḥāmin,,,
مُمَثِّلٌ,Schauspieler,م-ث-ل,888,mumaṯṯil,,,
مُغَنٍّ,Sänger,غ-ن-ي,889,muġannin,,,
أُسْتَاذٌ,Professor / Lehrer,أ-س-ت-ذ,890,ustāḏ,,,
كُلِّيَّةٌ,Fakultät,ك-ل-ل,891,kulliyya,,,
مَعْهَدٌ,Institut,ع-ه-د,892,maʿhad,,,
وَرَقَةٌ,Blatt (Papier),و-ر-ق,893,waraqa,,,
عَرَبَةٌ,Wagen / Kutsche,ع-ر-ب,894,ʿaraba,,,
جُمْلَةٌ,Satz / Phrase / Summe,ج-م-ل,895,ǧumla,,,
نُمُوٌّ,Wachstum,ن-م-و,896,numuww,,,
مُرَافَقَةٌ,Begleitung,ر-ف-ق,897,murāfaqa,,,
مُجْتَهِدٌ,fleißig,ج-ه-د,898,muǧtahid,,,
ذَكِيٌّ,klug,ذ-ك-ي,899,ḏakiyy,,,
غَبِيٌّ,dumm,غ-ب-ي,900,ġabiyy,,,
رَقِيقٌ,zart / dünn,ر-ق-ق,901,raqīq,,,
غَلِيظٌ,dick / grob,غ-ل-ظ,902,ġalīẓ,,,
نَحِيفٌ,dünn / schlank,ن-ح-ف,903,naḥīf,,,
سَمِينٌ,fett / dick (Person),س-م-ن,904,samīn,,,
خَامِلٌ,träge / inaktiv,خ-م-ل,905,ḫāmil,,,
وَدُودٌ,liebevoll / freundlich,و-د-د,906,wadūd,,,
شَدِيدٌ,heftig / stark,ش-د-د,907,šadīd,,,
هَيِّنٌ,leicht / gering,ه-و-ن,908,hayyin,,,
جَلِيلٌ,ehrwürdig / groß,ج-ل-ل,909,ǧalīl,,,
اِتَّخَذَ,ergreifen / nehmen,أ-خ-ذ,910,ittaḫaḏa,اِتِّخَاذ,ittiḫāḏ,das Nehmen
اِسْتَخْرَجَ,herausholen / extrahieren,خ-ر-ج,911,istaḫraǧa,اِسْتِخْرَاج,istiḫrāǧ,das Herausholen
أَدْرَكَ,erreichen / begreifen,د-ر-ك,912,ʾadraka,إِدْرَاك,idrāk,das Erreichen
اِسْتَجَابَ,antworten / entsprechen,ج-و-ب,913,istaǧāba,اِسْتِجَابَة,istiǧāba,die Antwort
عَبَّرَ,ausdrücken,ع-ب-ر,914,ʿabbara,تَعْبِير,taʿbīr,der Ausdruck
اِعْتَبَرَ,betrachten als,ع-ب-ر,915,iʿtabara,اِعْتِبَار,iʿtibār,die Betrachtung
اِشْتَمَلَ,enthalten / umfassen,ش-م-ل,916,ištamala,اِشْتِمَال,ištimāl,das Enthalten
ضَمَّ,umfassen / zusammenfügen,ض-م-م,917,ḍamma,ضَمّ,ḍamm,das Zusammenfügen
اِحْتَوَى,enthalten,ح-و-ي,918,iḥtawā,اِحْتِوَاء,iḥtiwāʾ,das Enthalten
سَحَبَ,ziehen,س-ح-ب,919,saḥaba,سَحْب,saḥb,das Ziehen
جَذَبَ,ziehen / anziehen,ج-ذ-ب,920,ǧaḏaba,جَذْب,ǧaḏb,das Ziehen
أَلْقَى,werfen,ل-ق-ي,921,ʾalqā,إِلْقَاء,ilqāʾ,das Werfen
نَشَرَ,veröffentlichen / verbreiten,ن-ش-ر,922,našara,نَشْر,našr,die Veröffentlichung
اِنْتَشَرَ,sich verbreiten,ن-ش-ر,923,intašara,اِنْتِشَار,intišār,die Verbreitung
اِعْتَمَدَ,sich verlassen auf,ع-م-د,924,iʿtamada,اِعْتِمَاد,iʿtimād,das Vertrauen
اِسْتَنَدَ,sich stützen auf,س-ن-د,925,istanada,اِسْتِنَاد,istinād,die Stütze
وَاجَهَ,begegnen / konfrontieren,و-ج-ه,926,wāǧaha,مُوَاجَهَة,muwāǧaha,die Begegnung
خَصَّصَ,widmen / spezialisieren,خ-ص-ص,927,ḫaṣṣaṣa,تَخْصِيص,taḫṣīṣ,die Spezialisierung
اِسْتَثْمَرَ,investieren / ausnutzen,ث-م-ر,928,istaṯmara,اِسْتِثْمَار,istiṯmār,die Investition
اِكْتَفَى,sich begnügen,ك-ف-ي,929,iktafā,اِكْتِفَاء,iktifāʾ,das Genügen
نَقَصَ,abnehmen / fehlen,ن-ق-ص,930,naqaṣa,نَقْص,naqṣ,der Mangel
اِتَّسَعَ,sich erweitern,و-س-ع,931,ittasaʿa,اِتِّسَاع,ittisāʿ,die Erweiterung
تَجَاوَزَ,übersteigen,ج-و-ز,932,taǧāwaza,تَجَاوُز,taǧāwuz,das Übersteigen
عَبَرَ,überqueren,ع-ب-ر,933,ʿabara,عُبُور,ʿubūr,das Überqueren
أَعْجَبَ,gefallen / beeindrucken,ع-ج-ب,934,ʾaʿǧaba,إِعْجَاب,iʿǧāb,das Gefallen
اِبْتَسَمَ,lächeln,ب-س-م,935,ibtasama,اِبْتِسَام,ibtisām,das Lächeln
وَدَّعَ,verabschieden,و-د-ع,936,waddaʿa,تَوْدِيع,tawdīʿ,die Verabschiedung
اِحْتَفَلَ,feiern,ح-ف-ل,937,iḥtafala,اِحْتِفَال,iḥtifāl,die Feier
اِصْطَادَ,jagen / fangen,ص-ي-د,938,iṣṭāda,اِصْطِيَاد,iṣṭiyād,die Jagd
اِسْتَضَافَ,bewirten / einladen,ض-ي-ف,939,istaḍāfa,اِسْتِضَافَة,istiḍāfa,die Bewirtung
بَاحَثَ,diskutieren / erörtern,ب-ح-ث,940,bāḥaṯa,مُبَاحَثَة,mubāḥaṯa,die Diskussion
اِسْتَشَارَ,konsultieren,ش-و-ر,941,istašāra,مُشَاوَرَة,mušāwara,die Beratung
سَاهَمَ,beitragen,س-ه-م,942,sāhama,مُسَاهَمَة,musāhama,der Beitrag
حَوَّلَ,verwandeln / umleiten,ح-و-ل,943,ḥawwala,تَحْوِيل,taḥwīl,die Umwandlung
طَائِرَةٌ,Flugzeug,ط-ي-ر,944,ṭāʾira,,,
عُمْلَةٌ,Währung,ع-م-ل,945,ʿumla,,,
عَقْدٌ,Vertrag,ع-ق-د,946,ʿaqd,,,
اِتِّفَاقٌ,Vereinbarung,و-ف-ق,947,ittifāq,,,
قَرْضٌ,Darlehen / Kredit,ق-ر-ض,948,qarḍ,,,
مُسَاوَاةٌ,Gleichheit,س-و-ي,949,musāwāh,,,
عَدَالَةٌ,Gerechtigkeit,ع-د-ل,950,ʿadāla,,,
إِحْسَانٌ,Wohltätigkeit / Güte,ح-س-ن,951,ʾiḥsān,,,
دِينَارٌ,Dinar (Währung),د-ن-ر,952,dīnār,,,
دِرْهَمٌ,Dirham (Währung),د-ر-ه-م,953,dirham,,,
ثَقَافَةٌ,Kultur,ث-ق-ف,954,ṯaqāfa,,,
فَنٌّ,Kunst,ف-ن-ن,955,fann,,,
غِنَاءٌ,Gesang,غ-ن-ي,956,ġināʾ,,,
لَوْحَةٌ,Tafel / Gemälde,ل-و-ح,957,lawḥa,,,
مَسْرَحٌ,Theater,س-ر-ح,958,masraḥ,,,
تَمْثَالٌ,Statue,م-ث-ل,959,timṯāl,,,
جَرَسٌ,Glocke,ج-ر-س,960,ǧaras,,,
مَجَلَّةٌ,Magazin / Zeitschrift,ج-ل-ل,961,maǧalla,,,
نَشْرَةٌ,Bulletin / Rundschreiben,ن-ش-ر,962,našra,,,
إِذَاعَةٌ,Rundfunk,ذ-ي-ع,963,ʾiḏāʿa,,,
مَقَالٌ,Artikel,ق-و-ل,964,maqāl,,,
جُزْءٌ,Teil,ج-ز-أ,965,ǧuzʾ,,,
مَسْأَلَةٌ,Frage / Angelegenheit,س-أ-ل,966,masʾala,,,
سِلْعَةٌ,Ware,س-ل-ع,967,silʿa,,,
مُعَامَلَةٌ,Behandlung / Transaktion,ع-م-ل,968,muʿāmala,,,
سُلْطَةٌ,Befugnis / Herrschaft,س-ل-ط,969,sulṭa,,,
مَنْظَرٌ,Aussicht / Anblick,ن-ظ-ر,970,manẓar,,,
مِشْهَدٌ,Szene,ش-ه-د,971,mašhad,,,
لَاعِبٌ,Spieler,ل-ع-ب,972,lāʿib,,,
فِرْقَةٌ,Mannschaft / Gruppe,ف-ر-ق,973,firqa,,,
مَلْعَبٌ,Sportplatz,ل-ع-ب,974,malʿab,,,
نَادٍ,Klub / Verein,ن-د-و,975,nādin,,,
بَطَلٌ,Held,ب-ط-ل,976,baṭal,,,
جَائِزَةٌ,Preis / Auszeichnung,ج-و-ز,977,ǧāʾiza,,,
شَاعِرٌ,Dichter,ش-ع-ر,978,šāʿir,,,
أَدَبٌ,Literatur / Anstand,أ-د-ب,979,ʾadab,,,
قِصَّةٌ,Geschichte / Erzählung,ق-ص-ص,980,qiṣṣa,,,
رِوَايَةٌ,Roman,ر-و-ي,981,riwāya,,,
زُبْدَةٌ,Butter,ز-ب-د,982,zubda,,,
كَعْكٌ,Kuchen / Gebäck,ك-ع-ك,983,kaʿk,,,
تِينٌ,Feige,ت-ي-ن,984,tīn,,,
رُمَّانٌ,Granatapfel,ر-م-ن,985,rummān,,,
خَوْخٌ,Pfirsich,خ-و-خ,986,ḫawḫ,,,
جَزَرٌ,Karotte,ج-ز-ر,987,ǧazar,,,
فُلْفُلٌ,Pfeffer,ف-ل-ف-ل,988,filfil,,,
قَرْعٌ,Kürbis,ق-ر-ع,989,qarʿ,,,
بَدَنٌ,Körper,ب-د-ن,990,badan,,,
كَعْبٌ,Knöchel,ك-ع-ب,991,kaʿb,,,
صُدْغٌ,Schläfe,ص-د-غ,992,ṣudġ,,,
وَرِكٌ,Hüfte,و-ر-ك,993,warik,,,
جَنْبٌ,Seite / Flanke,ج-ن-ب,994,ǧanb,,,
بَاخِرَةٌ,Dampfschiff,ب-خ-ر,995,bāḫira,,,
مَعْرِضٌ,Ausstellung,ع-ر-ض,996,maʿriḍ,,,
مِيزَانٌ,Waage / Gleichgewicht,و-ز-ن,997,mīzān,,,
حَبِيبٌ,Geliebter,ح-ب-ب,998,ḥabīb,,,
مُشْتَرَكٌ,gemeinsam,ش-ر-ك,999,muštarak,,,
مُسْتَقِيمٌ,gerade / aufrecht,ق-و-م,1000,mustaqīm,,,
